c0,c1,c2,c3,c4,c5,c6,c7
20,1,0,0,0,0,0,0
20,0,0,1,0,0,0,0
20,0,1,20,1,0,0,0
20,0,2,8,2,0,0,0
20,0,3,5,1,1,0,0
20,0,4,2,6,2,0,0
20,0,5,5,5,1,0,0
20,0,6,11,2,4,0,0
20,0,7,3,1,5,0,0
20,0,8,6,5,0,0,0
20,0,9,7,4,0,0,0
20,0,10,16,1,3,0,0
20,0,11,17,6,0,0,0
20,0,12,20,2,2,0,0
20,0,13,19,1,0,0,0
20,0,14,17,4,0,0,0
20,0,15,18,1,3,0,0
20,0,16,14,3,4,0,0
20,0,17,15,1,2,0,0
20,0,18,13,1,2,0,0
20,0,19,6,1,3,0,0
20,0,20,11,6,3,0,0
20,0,21,5,2,4,0,0
20,0,22,11,5,3,0,0
20,0,23,14,6,3,0,0
20,0,24,12,1,2,0,0
20,0,25,10,1,2,0,0
20,0,26,9,1,2,0,0
20,0,27,7,2,2,0,0
20,0,28,5,2,2,0,0
20,0,29,3,5,3,0,0
20,0,30,2,1,3,0,0
20,1,1,0,2,0,0,0
20,1,2,0,3,0,0,0
20,1,3,0,4,0,0,0
20,1,4,0,5,0,0,0
20,1,5,0,6,0,0,0
20,0,31,0,0,2,0,0
20,0,34,0,0,5,0,0
20,0,32,0,0,3,0,0
20,0,33,0,0,4,0,0
21,1,0,0,0,0,0,0
21,0,0,1,0,0,0,0
21,0,1,20,1,0,0,0
21,0,2,8,2,0,0,0
21,0,3,5,1,1,0,0
21,0,4,2,6,2,0,0
21,0,5,5,5,1,0,0
21,0,6,11,2,4,0,0
21,0,7,3,1,5,0,0
21,0,8,6,5,0,0,0
21,0,9,7,4,0,0,0
21,0,10,16,1,3,0,0
21,0,11,17,6,0,0,0
21,0,12,20,2,2,0,0
21,0,13,19,1,0,0,0
21,0,14,17,4,0,0,0
21,0,15,18,1,3,0,0
21,0,16,14,3,4,0,0
21,0,17,15,1,2,0,0
21,0,18,13,1,2,0,0
21,0,19,6,1,3,0,0
21,0,20,11,6,3,0,0
21,0,21,5,2,4,0,0
21,0,22,11,5,3,0,0
21,0,23,14,6,3,0,0
21,0,24,12,1,2,0,0
21,0,25,10,1,2,0,0
21,0,26,9,1,2,0,0
21,0,27,7,2,2,0,0
21,0,28,5,2,2,0,0
21,0,29,3,5,3,0,0
21,0,30,2,1,3,0,0
21,1,1,0,2,0,0,0
21,1,2,0,3,0,0,0
21,1,3,0,4,0,0,0
21,1,4,0,5,0,0,0
21,1,5,0,6,0,0,0
21,0,31,0,0,2,0,0
21,0,34,0,0,5,0,0
21,0,32,0,0,3,0,0
21,0,33,0,0,4,0,0
