c0,c1,c2,c3,c4,c5
563,20,0,0,0,0
564,20,1,0,2,0
565,20,0,1,3,1
566,20,0,11,13,1
567,20,0,2,4,1
568,20,0,3,5,1
569,20,0,4,6,1
570,20,0,5,7,1
571,20,0,6,8,1
572,20,0,7,9,1
573,20,0,8,10,1
574,20,0,9,11,1
575,20,0,10,12,1
576,20,0,12,14,1
577,20,0,13,15,1
578,20,0,14,16,1
579,20,0,15,17,1
580,20,0,16,18,1
581,20,0,17,19,1
582,20,1,1,3,0
583,20,1,2,4,0
584,20,1,3,5,0
586,20,1,4,7,0
590,20,1,6,12,0
592,20,1,7,14,0
594,20,1,8,16,0
596,20,1,9,18,0
597,20,1,5,8,0
598,20,1,0,2,0
599,20,1,0,2,0
600,20,1,0,2,0
601,20,1,0,2,0
602,20,1,0,2,0
603,20,0,18,2,1
604,21,0,0,0,0
605,21,1,0,2,0
606,21,0,1,3,1
607,21,0,11,13,1
608,21,0,2,4,1
609,21,0,3,5,1
610,21,0,4,6,1
611,21,0,5,7,1
612,21,0,6,8,1
613,21,0,7,9,1
614,21,0,8,10,1
615,21,0,9,11,1
616,21,0,10,12,1
617,21,0,12,14,1
618,21,0,13,15,1
619,21,0,14,16,1
620,21,0,15,17,1
621,21,0,16,18,1
622,21,0,17,19,1
623,21,1,1,3,0
624,21,1,2,4,0
625,21,1,3,5,0
627,21,1,4,7,0
631,21,1,6,12,0
633,21,1,7,14,0
635,21,1,8,16,0
637,21,1,9,18,0
638,21,1,5,8,0
639,21,1,0,2,0
640,21,1,0,2,0
641,21,1,0,2,0
642,21,1,0,2,0
643,21,1,0,2,0
644,21,0,18,2,1
