c0,c1,c2,c3
18273,Aadat,20,0
18274,Aadi,20,0
18275,Aahan,20,0
18276,Aakar,20,0
18277,Aalap,20,0
18278,Abbas,20,0
18279,Abdul,20,0
18280,Abe,20,0
18281,Abhas,20,0
18282,Abhi,20,0
18283,Adesh,20,0
18284,Adhi,20,0
18285,Adhir,20,0
18286,Adil,20,0
18287,Adin,20,0
18288,Adnan,20,0
18289,Agha,20,0
18290,Agrim,20,0
18291,Ahan,20,0
18292,Aiman,20,0
18293,Ajay,20,0
18294,Akash,20,0
18295,Akram,20,0
18296,Alagh,20,0
18297,Alahk,20,0
18298,Alani,20,0
18299,Alok,20,0
18300,Alva,20,0
18301,Amad,20,0
18302,Ambuj,20,0
18303,Ammar,20,0
18304,Anaru,20,0
18305,Ang,20,0
18306,Anhan,20,0
18307,Anhe,20,0
18308,Anjang,20,0
18309,Anwar,20,0
18310,Anwon,20,0
18311,Ara,20,0
18312,Arif,20,0
18313,Arjun,20,0
18314,Aroon,20,0
18315,Arthit,20,0
18316,Arun,20,0
18317,Ashis,20,0
18318,Asim,20,0
18319,Asmo,20,0
18320,Atul,20,0
18321,Au,20,0
18322,Aung,20,0
18323,Avikar,20,0
18324,Baasu,20,0
18325,Babar,20,0
18326,Badal,20,0
18327,Bae,20,0
18328,Baek,20,0
18329,Bahir,20,0
18330,Bahn,20,0
18331,Bahul,20,0
18332,Bai,20,0
18333,Baiju,20,0
18334,Bamfu,20,0
18335,Ban,20,0
18336,Banaj,20,0
18337,Bansi,20,0
18338,Banyu,20,0
18339,Bao,20,0
18340,Baran,20,0
18341,Bari,20,0
18342,Bashir,20,0
18343,Bato,20,0
18344,Batu,20,0
18345,Bay,20,0
18346,Bayan,20,0
18347,Bayu,20,0
18348,Bayue,20,0
18349,Bayya,20,0
18350,Bei,20,0
18351,Bheru,20,0
18352,Bhim,20,0
18353,Bhumin,20,0
18354,Bibek,20,0
18355,Bikash,20,0
18356,Bima,20,0
18357,Bin,20,0
18358,Bingwen,20,0
18359,Bir,20,0
18360,Bishwa,20,0
18361,Bo,20,0
18362,Bobo,20,0
18363,Bohai,20,0
18364,Bojing,20,0
18365,Bolin,20,0
18366,Boquin,20,0
18367,Bora,20,0
18368,Borak,20,0
18369,Bourey,20,0
18370,Brij,20,0
18371,Bu,20,0
18372,Budi,20,0
18373,Bulan,20,0
18374,Bumi,20,0
18375,Buntha,20,0
18376,Buru,20,0
18377,Butros,20,0
18378,Byeon,20,0
18379,Byeong,20,0
18380,Byung,20,0
18381,Cadao,20,0
18382,Cahyo,20,0
18383,Catur,20,0
18384,Cemal,20,0
18385,Cha,20,0
18386,Chagan,20,0
18387,Chai,20,0
18388,Chakrit,20,0
18389,Chaman,20,0
18390,Chan,20,0
18391,Chang,20,0
18392,Chanthol,20,0
18393,Chanthou,20,0
18394,Chao,20,0
18395,Chatri,20,0
18396,Chau,20,0
18397,Chay,20,0
18398,Chen,20,0
18399,Cheng,20,0
18400,Cheon,20,0
18401,Cherd,20,0
18402,Chetan,20,0
18403,Cheung,20,0
18404,Chi,20,0
18405,Chiang,20,0
18406,Chien,20,0
18407,Chikku,20,0
18408,Chiman,20,0
18409,Chin,20,0
18410,Ching,20,0
18411,Chinh,20,0
18412,Chisin,20,0
18413,Chisok,20,0
18414,Chisum,20,0
18415,Chiu,20,0
18416,Cho,20,0
18417,Choghtu,20,0
18418,Choi,20,0
18419,Chong,20,0
18420,Chonguk,20,0
18421,Choon,20,0
18422,Chow,20,0
18423,Chu,20,0
18424,Chuan,20,0
18425,Chuia,20,0
18426,Chun,20,0
18427,Chung,20,0
18428,Chungi,20,0
18429,Cipto,20,0
18430,Coshel,20,0
18431,Cranfur,20,0
18432,Cuong,20,0
18433,Dabir,20,0
18434,Dachi,20,0
18435,Dae,20,0
18436,Daeho,20,0
18437,Daehyun,20,0
18438,Daejung,20,0
18439,Dahong,20,0
18440,Dai,20,0
18441,Dain,20,0
18442,Daing,20,0
18443,Dalsu,20,0
18444,Daman,20,0
18445,Dan,20,0
18446,Danh,20,0
18447,Danvir,20,0
18448,Dao,20,0
18449,Dat,20,0
18450,Dato,20,0
18451,Datta,20,0
18452,Daya,20,0
18453,Debdan,20,0
18454,Den,20,0
18455,Deng,20,0
18456,Devak,20,0
18457,Deval,20,0
18458,Dhanu,20,0
18459,Dhir,20,0
18460,Di,20,0
18461,Dilvan,20,0
18462,Dinh,20,0
18463,Dipu,20,0
18464,Doojin,20,0
18465,Doojun,20,0
18466,Dorjee,20,0
18467,Duan,20,0
18468,Duc,20,0
18469,Due,20,0
18470,Duho,20,0
18471,Dulal,20,0
18472,Dun,20,0
18473,Duong,20,0
18474,Duy,20,0
18475,Ehan,20,0
18476,Ekbal,20,0
18477,Elang,20,0
18478,Elio,20,0
18479,Eng,20,0
18480,Enlai,20,0
18481,Entji,20,0
18482,Etash,20,0
18483,Eyad,20,0
18484,Fadil,20,0
18485,Fahad,20,0
18486,Faiz,20,0
18487,Falan,20,0
18488,Fan,20,0
18489,Farhan,20,0
18490,Farid,20,0
18491,Faud,20,0
18492,Fawaz,20,0
18493,Faysal,20,0
18494,Feihung,20,0
18495,Feng,20,0
18496,Fer,20,0
18497,Ferran,20,0
18498,Firoz,20,0
18499,Fu,20,0
18500,Fuad,20,0
18501,Fung,20,0
18502,Gabir,20,0
18503,Gaeru,20,0
18504,Gagan,20,0
18505,Galang,20,0
18506,Gan,20,0
18507,Gang,20,0
18508,Gangol,20,0
18509,Gansu,20,0
18510,Gao,20,0
18511,Garv,20,0
18512,Gee,20,0
18513,Geet,20,0
18514,Gen,20,0
18515,Geng,20,0
18516,Gesang,20,0
18517,Geun,20,0
18518,Gi,20,0
18519,Gian,20,0
18520,Gibeom,20,0
18521,Gihan,20,0
18522,Gijs,20,0
18523,Ging,20,0
18524,Gingo,20,0
18525,Giru,20,0
18526,Goi,20,0
18527,Gon,20,0
18528,Gong,20,0
18529,Goo,20,0
18530,Gopan,20,0
18531,Goral,20,0
18532,Graha,20,0
18533,Gui,20,0
18534,Gul,20,0
18535,Gulshan,20,0
18536,Gun,20,0
18537,Guo,20,0
18538,Gusti,20,0
18539,Gyal,20,0
18540,Haddad,20,0
18541,Hagyun,20,0
18542,Hahn,20,0
18543,Hai,20,0
18544,Haichou,20,0
18545,Haito,20,0
18546,Haiyun,20,0
18547,Hakken,20,0
18548,Hakyun,20,0
18549,Halim,20,0
18550,Hamza,20,0
18551,Han,20,0
18552,Hangeul,20,0
18553,Hao,20,0
18554,Haohan,20,0
18555,Harb,20,0
18556,Hardik,20,0
18557,Harij,20,0
18558,Harta,20,0
18559,Harun,20,0
18560,Hashim,20,0
18561,Hassan,20,0
18562,Hee,20,0
18563,Hei,20,0
18564,Heijing,20,0
18565,Hem,20,0
18566,Heng,20,0
18567,Hien,20,0
18568,Hieu,20,0
18569,Himal,20,0
18570,Hira,20,0
18571,Hiu,20,0
18572,Ho,20,0
18573,Hoang,20,0
18574,Hoi,20,0
18575,Hon,20,0
18576,Houlun,20,0
18577,Hoya,20,0
18578,Hrishi,20,0
18579,Hsin,20,0
18580,Huang,20,0
18581,Hue,20,0
18582,Huen,20,0
18583,Hui,20,0
18584,Huizhong,20,0
18585,Humam,20,0
18586,Hunar,20,0
18587,Hung,20,0
18588,Huy,20,0
18589,Huynh,20,0
18590,Hwan,20,0
18591,Hwi,20,0
18592,Hyeon,20,0
18593,Hyoso,20,0
18594,Hyuk,20,0
18595,Hyun,20,0
18596,Hyunki,20,0
18597,Hyunshik,20,0
18598,Hyunsu,20,0
18599,Ijo,20,0
18600,Ikshan,20,0
18601,Ilsung,20,0
18602,Imran,20,0
18603,In,20,0
18604,Inho,20,0
18605,Insu,20,0
18606,Ip,20,0
18607,Ishrat,20,0
18608,Iyad,20,0
18609,Jabir,20,0
18610,Jae,20,0
18611,Jaehwa,20,0
18612,Jaesun,20,0
18613,Jagun,20,0
18614,Jahi,20,0
18615,Jalad,20,0
18616,Jalil,20,0
18617,Jalsa,20,0
18618,Jan,20,0
18619,Jang,20,0
18620,Jangsu,20,0
18621,Jaran,20,0
18622,Jasbir,20,0
18623,Jati,20,0
18624,Jegan,20,0
18625,Jeng,20,0
18626,Jeo,20,0
18627,Jia,20,0
18628,Jian,20,0
18629,Jiang,20,0
18630,Jianguo,20,0
18631,Jianjun,20,0
18632,Jianyu,20,0
18633,Jiao,20,0
18634,Jiawei,20,0
18635,Jie,20,0
18636,Jin,20,0
18637,Jing,20,0
18638,Jinsang,20,0
18639,Jinyong,20,0
18640,Jira,20,0
18641,Jiseok,20,0
18642,Jisnu,20,0
18643,Jival,20,0
18644,Joe,20,0
18645,Joko,20,0
18646,Jon,20,0
18647,Jong,20,0
18648,Jonguk,20,0
18649,Jongwook,20,0
18650,Joosik,20,0
18651,Jovan,20,0
18652,Jue,20,0
18653,Jugnu,20,0
18654,Jun,20,0
18655,Junbao,20,0
18656,Jung,20,0
18657,Junghee,20,0
18658,Junghwa,20,0
18659,Jungi,20,0
18660,Jungsu,20,0
18661,Juniu,20,0
18662,Junli,20,0
18663,Junsu,20,0
18664,Jusuf,20,0
18665,Jyrgal,20,0
18666,Kadar,20,0
18667,Kade,20,0
18668,Kadin,20,0
18669,Kai,20,0
18670,Kakui,20,0
18671,Kalden,20,0
18672,Kamal,20,0
18673,Kambo,20,0
18674,Kamol,20,0
18675,Kamon,20,0
18676,Kampu,20,0
18677,Kanak,20,0
18678,Kang,20,0
18679,Kangdae,20,0
18680,Kapil,20,0
18681,Kapsoo,20,0
18682,Karim,20,0
18683,Karm,20,0
18684,Karna,20,0
18685,Karwai,20,0
18686,Kasem,20,0
18687,Kashif,20,0
18688,Kasin,20,0
18689,Kateb,20,0
18690,Katon,20,0
18691,Kavan,20,0
18692,Ke,20,0
18693,Kedar,20,0
18694,Keong,20,0
18695,Kersan,20,0
18696,Ketan,20,0
18697,Keun,20,0
18698,Khaek,20,0
18699,Khail,20,0
18700,Khan,20,0
18701,Khidyr,20,0
18702,Khoi,20,0
18703,Khuang,20,0
18704,Khush,20,0
18705,Kibeom,20,0
18706,Kibum,20,0
18707,Kiel,20,0
18708,Kiet,20,0
18709,Kim,20,0
18710,Kimo,20,0
18711,Kip,20,0
18712,Kirana,20,0
18713,Kit,20,0
18714,Klahan,20,0
18715,Ko,20,0
18716,Koana,20,0
18717,Kol,20,0
18718,Koo,20,0
18719,Kouang,20,0
18720,Kripal,20,0
18721,Ku,20,0
18722,Kua,20,0
18723,Kuan,20,0
18724,Kuang,20,0
18725,Kuei,20,0
18726,Kun,20,0
18727,Kunal,20,0
18728,Kuo,20,0
18729,Kuon,20,0
18730,Kurman,20,0
18731,Kushad,20,0
18732,Kwai,20,0
18733,Kwan,20,0
18734,Kwang,20,0
18735,Kwangho,20,0
18736,Kwangsun,20,0
18737,Kwok,20,0
18738,Kwon,20,0
18739,Kwun,20,0
18740,Kyo,20,0
18741,Kyong,20,0
18742,Kysam,20,0
18743,Kyu,20,0
18744,Kyubok,20,0
18745,Kyubong,20,0
18746,Kyung,20,0
18747,Kyungsam,20,0
18748,Labh,20,0
18749,Lahar,20,0
18750,Lai,20,0
18751,Lalit,20,0
18752,Lam,20,0
18753,Lan,20,0
18754,Lang,20,0
18755,Lann,20,0
18756,Lao,20,0
18757,Lau,20,0
18758,Layak,20,0
18759,Lee,20,0
18760,Lei,20,0
18761,Lek,20,0
18762,Leko,20,0
18763,Lemah,20,0
18764,Len,20,0
18765,Leniw,20,0
18766,Leung,20,0
18767,Leven,20,0
18768,Lew,20,0
18769,Lian,20,0
18770,Liang,20,0
18771,Lianji,20,0
18772,Liao,20,0
18773,Lim,20,0
18774,Lin,20,0
18775,Ling,20,0
18776,Liu,20,0
18777,Liung,20,0
18778,Lo,20,0
18779,Loc,20,0
18780,Lok,20,0
18781,Long,20,0
18782,Longshan,20,0
18783,Longwei,20,0
18784,Longying,20,0
18785,Loon,20,0
18786,Lopan,20,0
18787,Lor,20,0
18788,Lou,20,0
18789,Loy,20,0
18790,Lu,20,0
18791,Luang,20,0
18792,Luen,20,0
18793,Lufti,20,0
18794,Lui,20,0
18795,Lun,20,0
18796,Lung,20,0
18797,Lutfi,20,0
18798,Luxia,20,0
18799,Ma,20,0
18800,Madan,20,0
18801,Madhu,20,0
18802,Magsa,20,0
18803,Mahir,20,0
18804,Mak,20,0
18805,Makaio,20,0
18806,Mangu,20,0
18807,Mani,20,0
18808,Mardav,20,0
18809,Marid,20,0
18810,Matin,20,0
18811,Maung,20,0
18812,Max,20,0
18813,Mayur,20,0
18814,Mehal,20,0
18815,Mei,20,0
18816,Meng,20,0
18817,Mengyao,20,0
18818,Mikaere,20,0
18819,Mikul,20,0
18820,Min,20,0
18821,Ming,20,0
18822,Mingma,20,0
18823,Minguo,20,0
18824,Minh,20,0
18825,Minho,20,0
18826,Minki,20,0
18827,Minkyung,20,0
18828,Mirko,20,0
18829,Modak,20,0
18830,Moh,20,0
18831,Mohd,20,0
18832,Moshu,20,0
18833,Moti,20,0
18834,Mudit,20,0
18835,Muin,20,0
18836,Mulyo,20,0
18837,Mun,20,0
18838,Munhee,20,0
18839,Mushi,20,0
18840,Muthu,20,0
18841,Myungdae,20,0
18842,Myungki,20,0
18843,Nabh,20,0
18844,Nadeen,20,0
18845,Nadim,20,0
18846,Nagoy,20,0
18847,Nalin,20,0
18848,Nam,20,0
18849,Namgil,20,0
18850,Namhae,20,0
18851,Namit,20,0
18852,Namkil,20,0
18853,Namkyu,20,0
18854,Nan,20,0
18855,Nand,20,0
18856,Narmad,20,0
18857,Naseem,20,0
18858,Nash,20,0
18859,Nasser,20,0
18860,Nath,20,0
18861,Navin,20,0
18862,Nawang,20,0
18863,Naz,20,0
18864,Neath,20,0
18865,Neeraj,20,0
18866,Nen,20,0
18867,Neo,20,0
18868,Ng,20,0
18869,Nhat,20,0
18870,Nhean,20,0
18871,Nhol,20,0
18872,Nianzu,20,0
18873,Nico,20,0
18874,Nien,20,0
18875,Nihar,20,0
18876,Nimal,20,0
18877,Nipun,20,0
18878,Nirajan,20,0
18879,Niran,20,0
18880,Nirav,20,0
18881,Nirmal,20,0
18882,Nishil,20,0
18883,Niu,20,0
18884,Nizam,20,0
18885,Nonzee,20,0
18886,Noyon,20,0
18887,Nuhad,20,0
18888,Nur,20,0
18889,Nuwan,20,0
18890,Ogo,20,0
18891,Oleg,20,0
18892,Olin,20,0
18893,Om,20,0
18894,Omar,20,0
18895,Ong,20,0
18896,Onjo,20,0
18897,Osagu,20,0
18898,Osol,20,0
18899,Padam,20,0
18900,Pak,20,0
18901,Pakho,20,0
18902,Pakku,20,0
18903,Pan,20,0
18904,Pang,20,0
18905,Panut,20,0
18906,Pao,20,0
18907,Paora,20,0
18908,Paosha,20,0
18909,Pavan,20,0
18910,Payao,20,0
18911,Peizhi,20,0
18912,Pemba,20,0
18913,Peng,20,0
18914,Pengfei,20,0
18915,Perak,20,0
18916,Phant,20,0
18917,Phirun,20,0
18918,Phong,20,0
18919,Phot,20,0
18920,Pika,20,0
18921,Ping,20,0
18922,Pira,20,0
18923,Pisut,20,0
18924,Plaek,20,0
18925,Poe,20,0
18926,Poj,20,0
18927,Polang,20,0
18928,Ponch,20,0
18929,Pong,20,0
18930,Pra,20,0
18931,Prabal,20,0
18932,Prachya,20,0
18933,Pradhi,20,0
18934,Prakash,20,0
18935,Pratim,20,0
18936,Prem,20,0
18937,Pridi,20,0
18938,Pritam,20,0
18939,Priya,20,0
18940,Puey,20,0
18941,Punit,20,0
18942,Puri,20,0
18943,Pyas,20,0
18944,Qiang,20,0
18945,Qilo,20,0
18946,Qing,20,0
18947,Qingsheng,20,0
18948,Qipan,20,0
18949,Qiqiang,20,0
18950,Qiu,20,0
18951,Qorin,20,0
18952,Quan,20,0
18953,Quang,20,0
18954,Qui,20,0
18955,Qulan,20,0
18956,Quoc,20,0
18957,Quon,20,0
18958,Rabie,20,0
18959,Raewon,20,0
18960,Rahi,20,0
18961,Raj,20,0
18962,Rakesh,20,0
18963,Rakin,20,0
18964,Ramesh,20,0
18965,Rami,20,0
18966,Rangi,20,0
18967,Rashad,20,0
18968,Ratri,20,0
18969,Ratta,20,0
18970,Ravith,20,0
18971,Rayan,20,0
18972,Rensai,20,0
18973,Ri,20,0
18974,Rian,20,0
18975,Riko,20,0
18976,Rimbo,20,0
18977,Rino,20,0
18978,Rinzen,20,0
18979,Rithik,20,0
18980,Riyad,20,0
18981,Rizky,20,0
18982,Rohit,20,0
18983,Rook,20,0
18984,Roza,20,0
18985,Ru,20,0
18986,Rupang,20,0
18987,Ruwan,20,0
18988,Ryong,20,0
18989,Saavan,20,0
18990,Sabal,20,0
18991,Sabeer,20,0
18992,Sadhu,20,0
18993,Sadun,20,0
18994,Saejin,20,0
18995,Sagar,20,0
18996,Sajan,20,0
18997,Sakchai,20,0
18998,Sal,20,0
18999,Salim,20,0
19000,Sammo,20,0
19001,Samnang,20,0
19002,Samrin,20,0
19003,San,20,0
19004,Sang,20,0
19005,Sangki,20,0
19006,Sangkyu,20,0
19007,Sangmin,20,0
19008,Sangwon,20,0
19009,Sann,20,0
19010,Sarit,20,0
19011,Satri,20,0
19012,Satya,20,0
19013,Sen,20,0
19014,Sena,20,0
19015,Seok,20,0
19016,Seong,20,0
19017,Shaku,20,0
19018,Shang,20,0
19019,Shanyuan,20,0
19020,Shao,20,0
19021,Shaoqing,20,0
19022,Shek,20,0
19023,Shen,20,0
19024,Shik,20,0
19025,Shin,20,0
19026,Shing,20,0
19027,Shinil,20,0
19028,Shirong,20,0
19029,Shishir,20,0
19030,Shiu,20,0
19031,Shiun,20,0
19032,Shoaqing,20,0
19033,Shoku,20,0
19034,Shou,20,0
19035,Shoushan,20,0
19036,Shu,20,0
19037,Sidak,20,0
19038,Sigit,20,0
19039,Sijit,20,0
19040,Silong,20,0
19041,Sinh,20,0
19042,Siu,20,0
19043,Siukei,20,0
19044,Siwon,20,0
19045,So,20,0
19046,Soad,20,0
19047,Sohil,20,0
19048,Sok,20,0
19049,Soleh,20,0
19050,Sombat,20,0
19051,Somchai,20,0
19052,Somlek,20,0
19053,Songyos,20,0
19054,Soo,20,0
19055,Sook,20,0
19056,Soong,20,0
19057,Sopheap,20,0
19058,Sorapong,20,0
19059,Sovann,20,0
19060,Sri,20,0
19061,Su,20,0
19062,Sudjai,20,0
19063,Suk,20,0
19064,Suka,20,0
19065,Sukchul,20,0
19066,Sukhon,20,0
19067,Sukrit,20,0
19068,Sum,20,0
19069,Sun,20,0
19070,Sunan,20,0
19071,Sundar,20,0
19072,Sunil,20,0
19073,Sura,20,0
19074,Suro,20,0
19075,Suthep,20,0
19076,Suvel,20,0
19077,Syed,20,0
19078,Sze,20,0
19079,Ta,20,0
19080,Tae,20,0
19081,Taek,20,0
19082,Taekyun,20,0
19083,Tahir,20,0
19084,Tai,20,0
19085,Taidjut,20,0
19086,Taiji,20,0
19087,Taishan,20,0
19088,Taj,20,0
19089,Tak,20,0
19090,Taksa,20,0
19091,Talal,20,0
19092,Talin,20,0
19093,Tam,20,0
19094,Tamir,20,0
19095,Tan,20,0
19096,Tanda,20,0
19097,Tane,20,0
19098,Tang,20,0
19099,Tanga,20,0
19100,Tanit,20,0
19101,Tanvir,20,0
19102,Tao,20,0
19103,Taran,20,0
19104,Tarek,20,0
19105,Tegus,20,0
19106,Teng,20,0
19107,Tengfei,20,0
19108,Teo,20,0
19109,Teuku,20,0
19110,Thai,20,0
19111,Thaksin,20,0
19112,Thanh,20,0
19113,Thawal,20,0
19114,Thelonius,20,0
19115,Tho,20,0
19116,Thuan,20,0
19117,Thuc,20,0
19118,Thurein,20,0
19119,Thy,20,0
19120,Tian,20,0
19121,Tielin,20,0
19122,Tilik,20,0
19123,Ting,20,0
19124,Tingguang,20,0
19125,Tirto,20,0
19126,To,20,0
19127,Toan,20,0
19128,Ton,20,0
19129,Tong,20,0
19130,Topan,20,0
19131,Trang,20,0
19132,Tsai,20,0
19133,Tsang,20,0
19134,Tse,20,0
19135,Tu,20,0
19136,Tuah,20,0
19137,Tuan,20,0
19138,Tuli,20,0
19139,Tuluy,20,0
19140,Tumen,20,0
19141,Tungar,20,0
19142,Tzin,20,0
19143,Udom,20,0
19144,Udu,20,0
19145,Ung,20,0
19146,Untung,20,0
19147,Usra,20,0
19148,Vaani,20,0
19149,Vade,20,0
19150,Vaiko,20,0
19151,Varun,20,0
19152,Vasu,20,0
19153,Veasna,20,0
19154,Vibol,20,0
19155,Vien,20,0
19156,Vijay,20,0
19157,Vin,20,0
19158,Vir,20,0
19159,Virat,20,0
19160,Vishal,20,0
19161,Vivek,20,0
19162,Vuong,20,0
19163,Wael,20,0
19164,Wafic,20,0
19165,Wahyu,20,0
19166,Wai,20,0
19167,Walid,20,0
19168,Waluyo,20,0
19169,Wan,20,0
19170,Wang,20,0
19171,Wasi,20,0
19172,Wei,20,0
19173,Wen,20,0
19174,Weng,20,0
19175,Widi,20,0
19176,Wiji,20,0
19177,Wing,20,0
19178,Wira,20,0
19179,Wiremu,20,0
19180,Woh,20,0
19181,Wong,20,0
19182,Woo,20,0
19183,Wu,20,0
19184,Wuxia,20,0
19185,Xann,20,0
19186,Xay,20,0
19187,Xiangzi,20,0
19188,Xiao,20,0
19189,Xiaodawn,20,0
19190,Xiaogang,20,0
19191,Xie,20,0
19192,Xin,20,0
19193,Xiuying,20,0
19194,Xu,20,0
19195,Xuguan,20,0
19196,Xylon,20,0
19197,Yadu,20,0
19198,Yai,20,0
19199,Yama,20,0
19200,Yamir,20,0
19201,Yan,20,0
19202,Yang,20,0
19203,Yaro,20,0
19204,Yash,20,0
19205,Yasin,20,0
19206,Yat,20,0
19207,Yau,20,0
19208,Ye,20,0
19209,Yem,20,0
19210,Yeming,20,0
19211,Yeo,20,0
19212,Yeok,20,0
19213,Yeoru,20,0
19214,Yeran,20,0
19215,Yihong,20,0
19216,Yim,20,0
19217,Yin,20,0
19218,Ying,20,0
19219,Yinho,20,0
19220,Yip,20,0
19221,Yisun,20,0
19222,Yiu,20,0
19223,Yolo,20,0
19224,Yong,20,0
19225,Yongrui,20,0
19226,Yongsook,20,0
19227,Yoon,20,0
19228,Youngho,20,0
19229,Youngil,20,0
19230,Youngja,20,0
19231,Youngmin,20,0
19232,Youngnam,20,0
19233,Youngsoo,20,0
19234,Youngsun,20,0
19235,Yu,20,0
19236,Yuan,20,0
19237,Yuanjun,20,0
19238,Yuda,20,0
19239,Yue,20,0
19240,Yul,20,0
19241,Yumja,20,0
19242,Yun,20,0
19243,Yung,20,0
19244,Yunho,20,0
19245,Yuvan,20,0
19246,Yuyan,20,0
19247,Zahid,20,0
19248,Zain,20,0
19249,Zaina,20,0
19250,Zaiyu,20,0
19251,Zaki,20,0
19252,Zao,20,0
19253,Zayn,20,0
19254,Zei,20,0
19255,Zemin,20,0
19256,Zengi,20,0
19257,Zhang,20,0
19258,Zhen,20,0
19259,Zhengsheng,20,0
19260,Zhi,20,0
19261,Zhiqiang,20,0
19262,Zhong,20,0
19263,Zhou,20,0
19264,Zhuan,20,0
19265,Ziad,20,0
19266,Ziva,20,0
19267,Zixin,20,0
19268,Ziya,20,0
19269,Ziyad,20,0
19270,Zong,20,0
19271,Zubin,20,0
19272,Zuo,20,0
19273,Aara,20,1
19274,Abha,20,1
19275,Abir,20,1
19276,Acha,20,1
19277,Adhe,20,1
19278,Aditya,20,1
19279,Adri,20,1
19280,Ae,20,1
19281,Aecha,20,1
19282,Aera,20,1
19283,Aesook,20,1
19284,Ahci,20,1
19285,Ahjoong,20,1
19286,Ahjung,20,1
19287,Ahlam,20,1
19288,Ahnsung,20,1
19289,Ahseong,20,1
19290,Ai,20,1
19291,Aila,20,1
19292,Ailing,20,1
19293,Aja,20,1
19294,Alak,20,1
19295,Alhi,20,1
19296,Alpa,20,1
19297,Amal,20,1
19298,Ami,20,1
19299,Amiya,20,1
19300,Ammara,20,1
19301,An,20,1
19302,Ana,20,1
19303,Anam,20,1
19304,Ananya,20,1
19305,Ang,20,1
19306,Anh,20,1
19307,Ani,20,1
19308,Anjay,20,1
19309,Anji,20,1
19310,Anju,20,1
19311,Annchi,20,1
19312,Anthea,20,1
19313,Aom,20,1
19314,Apika,20,1
19315,Ara,20,1
19316,Aranya,20,1
19317,Araya,20,1
19318,Arni,20,1
19319,Arum,20,1
19320,Asha,20,1
19321,Assi,20,1
19322,Atin,20,1
19323,Ayda,20,1
19324,Aye,20,1
19325,Ayska,20,1
19326,Aza,20,1
19327,Azhar,20,1
19328,Bae,20,1
19329,Baena,20,1
19330,Bahar,20,1
19331,Bai,20,1
19332,Bakul,20,1
19333,Bala,20,1
19334,Ban,20,1
19335,Banhi,20,1
19336,Bao,20,1
19337,Baoer,20,1
19338,Baraa,20,1
19339,Basma,20,1
19340,Bebi,20,1
19341,Bela,20,1
19342,Bella,20,1
19343,Bhanu,20,1
19344,Bhavi,20,1
19345,Bhini,20,1
19346,Bian,20,1
19347,Bibi,20,1
19348,Bijal,20,1
19349,Bin,20,1
19350,Bina,20,1
19351,Bing,20,1
19352,Binh,20,1
19353,Binita,20,1
19354,Bituin,20,1
19355,Boa,20,1
19356,Boan,20,1
19357,Bok,20,1
19358,Bom,20,1
19359,Bomi,20,1
19360,Bongcha,20,1
19361,Bopha,20,1
19362,Botum,20,1
19363,Brishti,20,1
19364,Briti,20,1
19365,Bulbul,20,1
19366,Bun,20,1
19367,Bushra,20,1
19368,Cahya,20,1
19369,Cai,20,1
19370,Cais,20,1
19371,Cala,20,1
19372,Cam,20,1
19373,Canh,20,1
19374,Cara,20,1
19375,Cha,20,1
19376,Chaemin,20,1
19377,Chaerin,20,1
19378,Chahna,20,1
19379,Chaman,20,1
19380,Chami,20,1
19381,Champa,20,1
19382,Chan,20,1
19383,Chanda,20,1
19384,Chani,20,1
19385,Channa,20,1
19386,Charu,20,1
19387,Charvi,20,1
19388,Chau,20,1
19389,Chen,20,1
19390,Chenda,20,1
19391,Cherry,20,1
19392,Chetna,20,1
19393,Chi,20,1
19394,Chia,20,1
19395,Ching,20,1
19396,Chingling,20,1
19397,Chitra,20,1
19398,Chiu,20,1
19399,Chiyo,20,1
19400,Cho,20,1
19401,Chohee,20,1
19402,Choi,20,1
19403,Chow,20,1
19404,Chuju,20,1
19405,Chun,20,1
19406,Chung,20,1
19407,Chungae,20,1
19408,Chungcha,20,1
19409,Chunghei,20,1
19410,Chunli,20,1
19411,Cilji,20,1
19412,Claretta,20,1
19413,Cuc,20,1
19414,Cyla,20,1
19415,Cyra,20,1
19416,Dahae,20,1
19417,Dalah,20,1
19418,Dalisay,20,1
19419,Dana,20,1
19420,Danbi,20,1
19421,Danna,20,1
19422,Dara,20,1
19423,Daria,20,1
19424,Darya,20,1
19425,Dawa,20,1
19426,Daya,20,1
19427,Deeba,20,1
19428,Deepti,20,1
19429,Devi,20,1
19430,Dhanya,20,1
19431,Dhara,20,1
19432,Dhriti,20,1
19433,Diah,20,1
19434,Diba,20,1
19435,Diem,20,1
19436,Diep,20,1
19437,Dina,20,1
19438,Diya,20,1
19439,Dohna,20,1
19440,Donya,20,1
19441,Dorit,20,1
19442,Edha,20,1
19443,Ehuang,20,1
19444,Ela,20,1
19445,Elika,20,1
19446,Elok,20,1
19447,Eman,20,1
19448,Emma,20,1
19449,Emme,20,1
19450,Erana,20,1
19451,Eri,20,1
19452,Erin,20,1
19453,Esha,20,1
19454,Eun,20,1
19455,Eunae,20,1
19456,Eunbin,20,1
19457,Eunhee,20,1
19458,Eunho,20,1
19459,Eunice,20,1
19460,Eunjin,20,1
19461,Eunju,20,1
19462,Eunjung,20,1
19463,Eunkyung,20,1
19464,Eunmi,20,1
19465,Eunnie,20,1
19466,Eunsun,20,1
19467,Ewa,20,1
19468,Fae,20,1
19469,Faiza,20,1
19470,Falak,20,1
19471,Fan,20,1
19472,Fanghua,20,1
19473,Fangyu,20,1
19474,Fanny,20,1
19475,Farai,20,1
19476,Farda,20,1
19477,Farina,20,1
19478,Farrah,20,1
19479,Farya,20,1
19480,Fatin,20,1
19481,Fay,20,1
19482,Faye,20,1
19483,Fei,20,1
19484,Feng,20,1
19485,Fengling,20,1
19486,Fengniao,20,1
19487,Fey,20,1
19488,Filza,20,1
19489,Flo,20,1
19490,Flora,20,1
19491,Fong,20,1
19492,Foram,20,1
19493,Fran,20,1
19494,Freny,20,1
19495,Friya,20,1
19496,Fung,20,1
19497,Fwi,20,1
19498,Gaein,20,1
19499,Gajra,20,1
19500,Gayun,20,1
19501,Geet,20,1
19502,Gen,20,1
19503,Gesu,20,1
19504,Geumbong,20,1
19505,Ghada,20,1
19506,Gia,20,1
19507,Gina,20,1
19508,Gita,20,1
19509,Gladi,20,1
19510,Go,20,1
19511,Gohar,20,1
19512,Goli,20,1
19513,Golnar,20,1
19514,Gong,20,1
19515,Gu,20,1
19516,Guan,20,1
19517,Gul,20,1
19518,Gulab,20,1
19519,Gunjan,20,1
19520,Hadya,20,1
19521,Haifa,20,1
19522,Hala,20,1
19523,Halah,20,1
19524,Hamsa,20,1
19525,Han,20,1
19526,Hana,20,1
19527,Hanan,20,1
19528,Hanbyeol,20,1
19529,Hanbyo,20,1
19530,Hanbyul,20,1
19531,Haneul,20,1
19532,Hanh,20,1
19533,Hansa,20,1
19534,Hao,20,1
19535,Harsha,20,1
19536,Hasna,20,1
19537,Hau,20,1
19538,Haun,20,1
19539,Hayat,20,1
19540,Hayi,20,1
19541,Hea,20,1
19542,Heajung,20,1
19543,Heawoo,20,1
19544,Heebon,20,1
19545,Heera,20,1
19546,Heeyoung,20,1
19547,Hei,20,1
19548,Hema,20,1
19549,Heng,20,1
19550,Hessa,20,1
19551,Hetal,20,1
19552,Hiba,20,1
19553,Hima,20,1
19554,Hinni,20,1
19555,Hiral,20,1
19556,Hita,20,1
19557,Hiuyi,20,1
19558,Ho,20,1
19559,Hoa,20,1
19560,Hong,20,1
19561,Hongli,20,1
19562,Hosook,20,1
19563,Houri,20,1
19564,Hoyee,20,1
19565,Hsia,20,1
19566,Hsiong,20,1
19567,Hsu,20,1
19568,Htay,20,1
19569,Hu,20,1
19570,Hua,20,1
19571,Huamei,20,1
19572,Huan,20,1
19573,Huang,20,1
19574,Huda,20,1
19575,Hue,20,1
19576,Hui,20,1
19577,Huian,20,1
19578,Huiqing,20,1
19579,Huma,20,1
19580,Hungjae,20,1
19581,Hunir,20,1
19582,Huong,20,1
19583,Huyen,20,1
19584,Hwa,20,1
19585,Hye,20,1
19586,Hyesu,20,1
19587,Hyo,20,1
19588,Hyojoo,20,1
19589,Hyujin,20,1
19590,Hyun,20,1
19591,Hyungae,20,1
19592,Hyungjung,20,1
19593,Ia,20,1
19594,Iha,20,1
19595,Inah,20,1
19596,Inas,20,1
19597,Indri,20,1
19598,Indu,20,1
19599,Ing,20,1
19600,Inten,20,1
19601,Inu,20,1
19602,Ipsa,20,1
19603,Iris,20,1
19604,Isha,20,1
19605,Ishya,20,1
19606,Isis,20,1
19607,Iyla,20,1
19608,Jaba,20,1
19609,Jade,20,1
19610,Jae,20,1
19611,Jaehwa,20,1
19612,Jai,20,1
19613,Jaidee,20,1
19614,Jajang,20,1
19615,Jala,20,1
19616,Janam,20,1
19617,Jannat,20,1
19618,Jarul,20,1
19619,Jasmine,20,1
19620,Jasum,20,1
19621,Jaya,20,1
19622,Jaydra,20,1
19623,Jeannie,20,1
19624,Jen,20,1
19625,Jenni,20,1
19626,Jeshna,20,1
19627,Jhalak,20,1
19628,Jharna,20,1
19629,Jheel,20,1
19630,Ji,20,1
19631,Jia,20,1
19632,Jiah,20,1
19633,Jiao,20,1
19634,Jiayi,20,1
19635,Jie,20,1
19636,Jieying,20,1
19637,Jihan,20,1
19638,Jihye,20,1
19639,Jilpa,20,1
19640,Jim,20,1
19641,Jimin,20,1
19642,Jin,20,1
19643,Jinae,20,1
19644,Jinfa,20,1
19645,Jing,20,1
19646,Jingwei,20,1
19647,Jinju,20,1
19648,Jinkyong,20,1
19649,Jinnie,20,1
19650,Jintara,20,1
19651,Jisoo,20,1
19652,Jiu,20,1
19653,Jiwon,20,1
19654,Jiya,20,1
19655,Jiyoung,20,1
19656,Joni,20,1
19657,Jony,20,1
19658,Joo,20,1
19659,Jorani,20,1
19660,Joy,20,1
19661,Joyce,20,1
19662,Ju,20,1
19663,Jui,20,1
19664,Juin,20,1
19665,Jun,20,1
19666,June,20,1
19667,Jung,20,1
19668,Junjie,20,1
19669,Juno,20,1
19670,Juxian,20,1
19671,Jwala,20,1
19672,Jyoti,20,1
19673,Kae,20,1
19674,Kai,20,1
19675,Kailan,20,1
19676,Kaimana,20,1
19677,Kala,20,1
19678,Kalina,20,1
19679,Kam,20,1
19680,Kamya,20,1
19681,Kana,20,1
19682,Kanan,20,1
19683,Kani,20,1
19684,Karin,20,1
19685,Karkita,20,1
19686,Kashi,20,1
19687,Kavya,20,1
19688,Kay,20,1
19689,Kayan,20,1
19690,Kei,20,1
19691,Kesarin,20,1
19692,Ket,20,1
19693,Ketki,20,1
19694,Kew,20,1
19695,Keya,20,1
19696,Khae,20,1
19697,Khanh,20,1
19698,Khean,20,1
19699,Khin,20,1
19700,Kieu,20,1
19701,Kiew,20,1
19702,Kim,20,1
19703,Kima,20,1
19704,Kimi,20,1
19705,Kinjal,20,1
19706,Kiran,20,1
19707,Kirti,20,1
19708,Kit,20,1
19709,Ko,20,1
19710,Kolab,20,1
19711,Komal,20,1
19712,Koni,20,1
19713,Kopal,20,1
19714,Kosha,20,1
19715,Kripa,20,1
19716,Kuai,20,1
19717,Kuhu,20,1
19718,Kulap,20,1
19719,Kunda,20,1
19720,Kunthi,20,1
19721,Kuo,20,1
19722,Kusum,20,1
19723,Kwan,20,1
19724,Kwiling,20,1
19725,Kwunyu,20,1
19726,Kyana,20,1
19727,Kyaw,20,1
19728,Kyi,20,1
19729,Kyon,20,1
19730,Kyung,20,1
19731,Kyungmi,20,1
19732,Kyungsoon,20,1
19733,Lada,20,1
19734,Lae,20,1
19735,Lai,20,1
19736,Laila,20,1
19737,Laleh,20,1
19738,Lali,20,1
19739,Lam,20,1
19740,Lan,20,1
19741,Lang,20,1
19742,Lanh,20,1
19743,Lanhua,20,1
19744,Lastri,20,1
19745,Lawan,20,1
19746,Laya,20,1
19747,Lea,20,1
19748,Lee,20,1
19749,Leena,20,1
19750,Legi,20,1
19751,Lei,20,1
19752,Leilani,20,1
19753,Lela,20,1
19754,Lena,20,1
19755,Leyla,20,1
19756,Lhamu,20,1
19757,Li,20,1
19758,Lian,20,1
19759,Lien,20,1
19760,Lieu,20,1
19761,Lifeng,20,1
19762,Lihua,20,1
19763,Liling,20,1
19764,Lily,20,1
19765,Lin,20,1
19766,Lina,20,1
19767,Lindi,20,1
19768,Ling,20,1
19769,Lingli,20,1
19770,Linh,20,1
19771,Lini,20,1
19772,Linlin,20,1
19773,Lintang,20,1
19774,Linyao,20,1
19775,Liqiu,20,1
19776,Liu,20,1
19777,Liwei,20,1
19778,Liying,20,1
19779,Lolan,20,1
19780,Lon,20,1
19781,Lona,20,1
19782,Lopa,20,1
19783,Lu,20,1
19784,Luh,20,1
19785,Lula,20,1
19786,Luxi,20,1
19787,Lyna,20,1
19788,Madhu,20,1
19789,Maggie,20,1
19790,Maha,20,1
19791,Mahal,20,1
19792,Mahin,20,1
19793,Mahsa,20,1
19794,Mai,20,1
19795,Malaya,20,1
19796,Malee,20,1
19797,Mali,20,1
19798,Malia,20,1
19799,Malli,20,1
19800,Maly,20,1
19801,Mamta,20,1
19802,Mana,20,1
19803,Manal,20,1
19804,Manar,20,1
19805,Manju,20,1
19806,Mari,20,1
19807,Marjan,20,1
19808,Mathy,20,1
19809,Mawar,20,1
19810,May,20,1
19811,Maya,20,1
19812,Maysa,20,1
19813,Meay,20,1
19814,Mee,20,1
19815,Meeka,20,1
19816,Meen,20,1
19817,Mei,20,1
19818,Meifen,20,1
19819,Meigui,20,1
19820,Meiling,20,1
19821,Meiun,20,1
19822,Meixiang,20,1
19823,Meixing,20,1
19824,Melek,20,1
19825,Meng,20,1
19826,Mi,20,1
19827,Mia,20,1
19828,Miahua,20,1
19829,Mian,20,1
19830,Miao,20,1
19831,Mich,20,1
19832,Micha,20,1
19833,Mihi,20,1
19834,Mijung,20,1
19835,Mikyoung,20,1
19836,Mimi,20,1
19837,Min,20,1
19838,Mina,20,1
19839,Mingxia,20,1
19840,Mingzhu,20,1
19841,Minhee,20,1
19842,Minjee,20,1
19843,Minjung,20,1
19844,Minyi,20,1
19845,Mishi,20,1
19846,Misun,20,1
19847,Mita,20,1
19848,Miu,20,1
19849,Miyoung,20,1
19850,Miyu,20,1
19851,Mona,20,1
19852,Mong,20,1
19853,Moui,20,1
19854,Mu,20,1
19855,Mudan,20,1
19856,Mui,20,1
19857,Mujin,20,1
19858,Mulan,20,1
19859,Muna,20,1
19860,Murni,20,1
19861,Musu,20,1
19862,Mya,20,1
19863,Myaing,20,1
19864,Myn,20,1
19865,Myung,20,1
19866,Mzia,20,1
19867,Nada,20,1
19868,Nahal,20,1
19869,Nahla,20,1
19870,Naing,20,1
19871,Nakti,20,1
19872,Nam,20,1
19873,Nanda,20,1
19874,Nara,20,1
19875,Narie,20,1
19876,Narun,20,1
19877,Nava,20,1
19878,Nawar,20,1
19879,Neela,20,1
19880,Neela,20,1
19881,Neha,20,1
19882,Nei,20,1
19883,Nenet,20,1
19884,Nezhat,20,1
19885,Nga,20,1
19886,Ngoc,20,1
19887,Nguyet,20,1
19888,Nhu,20,1
19889,Nhung,20,1
19890,Ni,20,1
19891,Nianci,20,1
19892,Niao,20,1
19893,Nica,20,1
19894,Nidhi,20,1
19895,Nieda,20,1
19896,Niki,20,1
19897,Nila,20,1
19898,Nima,20,1
19899,Ning,20,1
19900,Ningna,20,1
19901,Nisa,20,1
19902,Nisha,20,1
19903,Niti,20,1
19904,Niu,20,1
19905,Nizra,20,1
19906,Nong,20,1
19907,Nonie,20,1
19908,Noom,20,1
19909,Nour,20,1
19910,Nousha,20,1
19911,Nowa,20,1
19912,Nud,20,1
19913,Nudar,20,1
19914,Nuo,20,1
19915,Nura,20,1
19916,Nyein,20,1
19917,Nyoman,20,1
19918,Oma,20,1
19919,Pa,20,1
19920,Pachrapa,20,1
19921,Padma,20,1
19922,Pai,20,1
19923,Pakhi,20,1
19924,Paneda,20,1
19925,Panna,20,1
19926,Parand,20,1
19927,Pari,20,1
19928,Parin,20,1
19929,Parul,20,1
19930,Payal,20,1
19931,Pearl,20,1
19932,Pedi,20,1
19933,Pegah,20,1
19934,Pen,20,1
19935,Penabi,20,1
19936,Peni,20,1
19937,Penjin,20,1
19938,Phara,20,1
19939,Phuong,20,1
19940,Phyu,20,1
19941,Pich,20,1
19942,Pimpaka,20,1
19943,Pin,20,1
19944,Ping,20,1
19945,Pip,20,1
19946,Pitch,20,1
19947,Pouran,20,1
19948,Pouri,20,1
19949,Pouy,20,1
19950,Prabha,20,1
19951,Prateep,20,1
19952,Preeti,20,1
19953,Prema,20,1
19954,Priya,20,1
19955,Pu,20,1
19956,Punya,20,1
19957,Putri,20,1
19958,Putu,20,1
19959,Qi,20,1
19960,Qiao,20,1
19961,Qiau,20,1
19962,Qie,20,1
19963,Qing,20,1
19964,Qingyuan,20,1
19965,Qiu,20,1
19966,Quyen,20,1
19967,Quynh,20,1
19968,Rabi,20,1
19969,Rafa,20,1
19970,Raha,20,1
19971,Rahi,20,1
19972,Raja,20,1
19973,Ramya,20,1
19974,Rana,20,1
19975,Rasah,20,1
19976,Rasha,20,1
19977,Rata,20,1
19978,Ravan,20,1
19979,Reena,20,1
19980,Reeti,20,1
19981,Reina,20,1
19982,Ren,20,1
19983,Rena,20,1
19984,Rima,20,1
19985,Roda,20,1
19986,Rola,20,1
19987,Rong,20,1
19988,Roshan,20,1
19989,Rou,20,1
19990,Rowa,20,1
19991,Roya,20,1
19992,Ruchi,20,1
19993,Ruiying,20,1
19994,Ruqi,20,1
19995,Ruxia,20,1
19996,Ruyi,20,1
19997,Ryeo,20,1
19998,Ryung,20,1
19999,Saaman,20,1
20000,Sabah,20,1
20001,Sachi,20,1
20002,Safa,20,1
20003,Sahar,20,1
20004,Salma,20,1
20005,Salwa,20,1
20006,Sam,20,1
20007,Sameh,20,1
20008,Sami,20,1
20009,Sammi,20,1
20010,Sammy,20,1
20011,San,20,1
20012,Sana,20,1
20013,Sandi,20,1
20014,Sang,20,1
20015,Sanghee,20,1
20016,Sarang,20,1
20017,Sarom,20,1
20018,Sau,20,1
20019,Saule,20,1
20020,Sayeh,20,1
20021,Semmi,20,1
20022,Sen,20,1
20023,Seng,20,1
20024,Septi,20,1
20025,Sera,20,1
20026,Seung,20,1
20027,Shagu,20,1
20028,Shahi,20,1
20029,Shancha,20,1
20030,Shanti,20,1
20031,Shein,20,1
20032,Shen,20,1
20033,Shenmei,20,1
20034,Shey,20,1
20035,Sheyda,20,1
20036,Shi,20,1
20037,Shieryue,20,1
20038,Shing,20,1
20039,Shinhye,20,1
20040,Shira,20,1
20041,Shirin,20,1
20042,Shiya,20,1
20043,Shoba,20,1
20044,Sholeh,20,1
20045,Shouka,20,1
20046,Shuhao,20,1
20047,Shun,20,1
20048,Shuyi,20,1
20049,Si,20,1
20050,Sida,20,1
20051,Simin,20,1
20052,Sina,20,1
20053,Sing,20,1
20054,Sinhye,20,1
20055,Sinjei,20,1
20056,Sipui,20,1
20057,Sira,20,1
20058,Siwon,20,1
20059,Siyue,20,1
20060,Soha,20,1
20061,Sohee,20,1
20062,Sokhem,20,1
20063,Solmi,20,1
20064,Somchai,20,1
20065,Somsri,20,1
20066,Sona,20,1
20067,Sonam,20,1
20068,Sonja,20,1
20069,Soo,20,1
20070,Soojin,20,1
20071,Sook,20,1
20072,Soon,20,1
20073,Soonbok,20,1
20074,Soong,20,1
20075,Soonmin,20,1
20076,Sooyun,20,1
20077,Soyi,20,1
20078,Soyoung,20,1
20079,Sreya,20,1
20080,Srun,20,1
20081,Su,20,1
20082,Suchi,20,1
20083,Suchin,20,1
20084,Sudha,20,1
20085,Sui,20,1
20086,Suin,20,1
20087,Sujatmi,20,1
20088,Suji,20,1
20089,Sukhi,20,1
20090,Sulin,20,1
20091,Suma,20,1
20092,Sun,20,1
20093,Suna,20,1
20094,Sung,20,1
20095,Sunhee,20,1
20096,Sunni,20,1
20097,Suu,20,1
20098,Swan,20,1
20099,Tae,20,1
20100,Taemi,20,1
20101,Tahae,20,1
20102,Tai,20,1
20103,Tala,20,1
20104,Tanya,20,1
20105,Tao,20,1
20106,Taoshi,20,1
20107,Tara,20,1
20108,Tarsa,20,1
20109,Taruh,20,1
20110,Taya,20,1
20111,Tejal,20,1
20112,Teng,20,1
20113,Teva,20,1
20114,Tevy,20,1
20115,Thang,20,1
20116,Thao,20,1
20117,Thaung,20,1
20118,Thea,20,1
20119,Theara,20,1
20120,Thi,20,1
20121,Thiang,20,1
20122,Thida,20,1
20123,Thien,20,1
20124,Thina,20,1
20125,Thip,20,1
20126,Thiri,20,1
20127,Thom,20,1
20128,Thu,20,1
20129,Thuong,20,1
20130,Thura,20,1
20131,Thuy,20,1
20132,Ti,20,1
20133,Tian,20,1
20134,Tien,20,1
20135,Tina,20,1
20136,Ting,20,1
20137,Tishu,20,1
20138,Tiya,20,1
20139,Tiyut,20,1
20140,Tola,20,1
20141,Tonh,20,1
20142,Trinh,20,1
20143,Truc,20,1
20144,Tsing,20,1
20145,Tu,20,1
20146,Tui,20,1
20147,Tuk,20,1
20148,Tum,20,1
20149,Tun,20,1
20150,Tuyen,20,1
20151,Tuyet,20,1
20152,Ty,20,1
20153,Tyrah,20,1
20154,Uli,20,1
20155,Um,20,1
20156,Ung,20,1
20157,Unhye,20,1
20158,Unju,20,1
20159,Urvi,20,1
20160,Uyen,20,1
20161,Van,20,1
20162,Vanhi,20,1
20163,Vardi,20,1
20164,Vardo,20,1
20165,Varsha,20,1
20166,Veata,20,1
20167,Vedha,20,1
20168,Vena,20,1
20169,Venya,20,1
20170,Vidu,20,1
20171,Vina,20,1
20172,Vino,20,1
20173,Vira,20,1
20174,Viyada,20,1
20175,Wayan,20,1
20176,Wei,20,1
20177,Wen,20,1
20178,Wendi,20,1
20179,Wi,20,1
20180,Win,20,1
20181,Wing,20,1
20182,Wisam,20,1
20183,Woo,20,1
20184,Wu,20,1
20185,Xi,20,1
20186,Xia,20,1
20187,Xiao,20,1
20188,Xiaochi,20,1
20189,Xiaoling,20,1
20190,Xinqian,20,1
20191,Xiruo,20,1
20192,Xiu,20,1
20193,Xiulan,20,1
20194,Xiwang,20,1
20195,Xuan,20,1
20196,Xue,20,1
20197,Xui,20,1
20198,Xunyu,20,1
20199,Yalia,20,1
20200,Yamya,20,1
20201,Yan,20,1
20202,Yanzi,20,1
20203,Yao,20,1
20204,Yara,20,1
20205,Yasmin,20,1
20206,Yaso,20,1
20207,Yati,20,1
20208,Ye,20,1
20209,Yejin,20,1
20210,Yen,20,1
20211,Yeo,20,1
20212,Yeochi,20,1
20213,Yeon,20,1
20214,Yeonsoo,20,1
20215,Yeying,20,1
20216,Yi,20,1
20217,Yim,20,1
20218,Yin,20,1
20219,Ying,20,1
20220,Yinggu,20,1
20221,Yingluck,20,1
20222,Yingwu,20,1
20223,Yingxian,20,1
20224,Yinu,20,1
20225,Yiu,20,1
20226,Yiyan,20,1
20227,Yiyi,20,1
20228,Yong,20,1
20229,Yonsu,20,1
20230,Yoon,20,1
20231,Yoona,20,1
20232,Yoonah,20,1
20233,Yoori,20,1
20234,Yossun,20,1
20235,Young,20,1
20236,Youngok,20,1
20237,Yow,20,1
20238,Yowon,20,1
20239,Yu,20,1
20240,Yuan,20,1
20241,Yue,20,1
20242,Yueliang,20,1
20243,Yuen,20,1
20244,Yuhee,20,1
20245,Yuhjin,20,1
20246,Yun,20,1
20247,Yuna,20,1
20248,Yunchu,20,1
20249,Yunghee,20,1
20250,Yunhee,20,1
20251,Zada,20,1
20252,Zahra,20,1
20253,Zaina,20,1
20254,Zan,20,1
20255,Zaw,20,1
20256,Zaynah,20,1
20257,Zeya,20,1
20258,Zeyar,20,1
20259,Zhen,20,1
20260,Zhenyu,20,1
20261,Zhi,20,1
20262,Zhiya,20,1
20263,Zhuo,20,1
20264,Zi,20,1
20265,Zia,20,1
20266,Ziyi,20,1
20267,Ziyo,20,1
20268,Zoe,20,1
20269,Zoha,20,1
20270,Zohra,20,1
20271,Zoya,20,1
20272,Zuha,20,1
20273,Aadat,21,0
20274,Aadi,21,0
20275,Aahan,21,0
20276,Aakar,21,0
20277,Aalap,21,0
20278,Abbas,21,0
20279,Abdul,21,0
20280,Abe,21,0
20281,Abhas,21,0
20282,Abhi,21,0
20283,Adesh,21,0
20284,Adhi,21,0
20285,Adhir,21,0
20286,Adil,21,0
20287,Adin,21,0
20288,Adnan,21,0
20289,Agha,21,0
20290,Agrim,21,0
20291,Ahan,21,0
20292,Aiman,21,0
20293,Ajay,21,0
20294,Akash,21,0
20295,Akram,21,0
20296,Alagh,21,0
20297,Alahk,21,0
20298,Alani,21,0
20299,Alok,21,0
20300,Alva,21,0
20301,Amad,21,0
20302,Ambuj,21,0
20303,Ammar,21,0
20304,Anaru,21,0
20305,Ang,21,0
20306,Anhan,21,0
20307,Anhe,21,0
20308,Anjang,21,0
20309,Anwar,21,0
20310,Anwon,21,0
20311,Ara,21,0
20312,Arif,21,0
20313,Arjun,21,0
20314,Aroon,21,0
20315,Arthit,21,0
20316,Arun,21,0
20317,Ashis,21,0
20318,Asim,21,0
20319,Asmo,21,0
20320,Atul,21,0
20321,Au,21,0
20322,Aung,21,0
20323,Avikar,21,0
20324,Baasu,21,0
20325,Babar,21,0
20326,Badal,21,0
20327,Bae,21,0
20328,Baek,21,0
20329,Bahir,21,0
20330,Bahn,21,0
20331,Bahul,21,0
20332,Bai,21,0
20333,Baiju,21,0
20334,Bamfu,21,0
20335,Ban,21,0
20336,Banaj,21,0
20337,Bansi,21,0
20338,Banyu,21,0
20339,Bao,21,0
20340,Baran,21,0
20341,Bari,21,0
20342,Bashir,21,0
20343,Bato,21,0
20344,Batu,21,0
20345,Bay,21,0
20346,Bayan,21,0
20347,Bayu,21,0
20348,Bayue,21,0
20349,Bayya,21,0
20350,Bei,21,0
20351,Bheru,21,0
20352,Bhim,21,0
20353,Bhumin,21,0
20354,Bibek,21,0
20355,Bikash,21,0
20356,Bima,21,0
20357,Bin,21,0
20358,Bingwen,21,0
20359,Bir,21,0
20360,Bishwa,21,0
20361,Bo,21,0
20362,Bobo,21,0
20363,Bohai,21,0
20364,Bojing,21,0
20365,Bolin,21,0
20366,Boquin,21,0
20367,Bora,21,0
20368,Borak,21,0
20369,Bourey,21,0
20370,Brij,21,0
20371,Bu,21,0
20372,Budi,21,0
20373,Bulan,21,0
20374,Bumi,21,0
20375,Buntha,21,0
20376,Buru,21,0
20377,Butros,21,0
20378,Byeon,21,0
20379,Byeong,21,0
20380,Byung,21,0
20381,Cadao,21,0
20382,Cahyo,21,0
20383,Catur,21,0
20384,Cemal,21,0
20385,Cha,21,0
20386,Chagan,21,0
20387,Chai,21,0
20388,Chakrit,21,0
20389,Chaman,21,0
20390,Chan,21,0
20391,Chang,21,0
20392,Chanthol,21,0
20393,Chanthou,21,0
20394,Chao,21,0
20395,Chatri,21,0
20396,Chau,21,0
20397,Chay,21,0
20398,Chen,21,0
20399,Cheng,21,0
20400,Cheon,21,0
20401,Cherd,21,0
20402,Chetan,21,0
20403,Cheung,21,0
20404,Chi,21,0
20405,Chiang,21,0
20406,Chien,21,0
20407,Chikku,21,0
20408,Chiman,21,0
20409,Chin,21,0
20410,Ching,21,0
20411,Chinh,21,0
20412,Chisin,21,0
20413,Chisok,21,0
20414,Chisum,21,0
20415,Chiu,21,0
20416,Cho,21,0
20417,Choghtu,21,0
20418,Choi,21,0
20419,Chong,21,0
20420,Chonguk,21,0
20421,Choon,21,0
20422,Chow,21,0
20423,Chu,21,0
20424,Chuan,21,0
20425,Chuia,21,0
20426,Chun,21,0
20427,Chung,21,0
20428,Chungi,21,0
20429,Cipto,21,0
20430,Coshel,21,0
20431,Cranfur,21,0
20432,Cuong,21,0
20433,Dabir,21,0
20434,Dachi,21,0
20435,Dae,21,0
20436,Daeho,21,0
20437,Daehyun,21,0
20438,Daejung,21,0
20439,Dahong,21,0
20440,Dai,21,0
20441,Dain,21,0
20442,Daing,21,0
20443,Dalsu,21,0
20444,Daman,21,0
20445,Dan,21,0
20446,Danh,21,0
20447,Danvir,21,0
20448,Dao,21,0
20449,Dat,21,0
20450,Dato,21,0
20451,Datta,21,0
20452,Daya,21,0
20453,Debdan,21,0
20454,Den,21,0
20455,Deng,21,0
20456,Devak,21,0
20457,Deval,21,0
20458,Dhanu,21,0
20459,Dhir,21,0
20460,Di,21,0
20461,Dilvan,21,0
20462,Dinh,21,0
20463,Dipu,21,0
20464,Doojin,21,0
20465,Doojun,21,0
20466,Dorjee,21,0
20467,Duan,21,0
20468,Duc,21,0
20469,Due,21,0
20470,Duho,21,0
20471,Dulal,21,0
20472,Dun,21,0
20473,Duong,21,0
20474,Duy,21,0
20475,Ehan,21,0
20476,Ekbal,21,0
20477,Elang,21,0
20478,Elio,21,0
20479,Eng,21,0
20480,Enlai,21,0
20481,Entji,21,0
20482,Etash,21,0
20483,Eyad,21,0
20484,Fadil,21,0
20485,Fahad,21,0
20486,Faiz,21,0
20487,Falan,21,0
20488,Fan,21,0
20489,Farhan,21,0
20490,Farid,21,0
20491,Faud,21,0
20492,Fawaz,21,0
20493,Faysal,21,0
20494,Feihung,21,0
20495,Feng,21,0
20496,Fer,21,0
20497,Ferran,21,0
20498,Firoz,21,0
20499,Fu,21,0
20500,Fuad,21,0
20501,Fung,21,0
20502,Gabir,21,0
20503,Gaeru,21,0
20504,Gagan,21,0
20505,Galang,21,0
20506,Gan,21,0
20507,Gang,21,0
20508,Gangol,21,0
20509,Gansu,21,0
20510,Gao,21,0
20511,Garv,21,0
20512,Gee,21,0
20513,Geet,21,0
20514,Gen,21,0
20515,Geng,21,0
20516,Gesang,21,0
20517,Geun,21,0
20518,Gi,21,0
20519,Gian,21,0
20520,Gibeom,21,0
20521,Gihan,21,0
20522,Gijs,21,0
20523,Ging,21,0
20524,Gingo,21,0
20525,Giru,21,0
20526,Goi,21,0
20527,Gon,21,0
20528,Gong,21,0
20529,Goo,21,0
20530,Gopan,21,0
20531,Goral,21,0
20532,Graha,21,0
20533,Gui,21,0
20534,Gul,21,0
20535,Gulshan,21,0
20536,Gun,21,0
20537,Guo,21,0
20538,Gusti,21,0
20539,Gyal,21,0
20540,Haddad,21,0
20541,Hagyun,21,0
20542,Hahn,21,0
20543,Hai,21,0
20544,Haichou,21,0
20545,Haito,21,0
20546,Haiyun,21,0
20547,Hakken,21,0
20548,Hakyun,21,0
20549,Halim,21,0
20550,Hamza,21,0
20551,Han,21,0
20552,Hangeul,21,0
20553,Hao,21,0
20554,Haohan,21,0
20555,Harb,21,0
20556,Hardik,21,0
20557,Harij,21,0
20558,Harta,21,0
20559,Harun,21,0
20560,Hashim,21,0
20561,Hassan,21,0
20562,Hee,21,0
20563,Hei,21,0
20564,Heijing,21,0
20565,Hem,21,0
20566,Heng,21,0
20567,Hien,21,0
20568,Hieu,21,0
20569,Himal,21,0
20570,Hira,21,0
20571,Hiu,21,0
20572,Ho,21,0
20573,Hoang,21,0
20574,Hoi,21,0
20575,Hon,21,0
20576,Houlun,21,0
20577,Hoya,21,0
20578,Hrishi,21,0
20579,Hsin,21,0
20580,Huang,21,0
20581,Hue,21,0
20582,Huen,21,0
20583,Hui,21,0
20584,Huizhong,21,0
20585,Humam,21,0
20586,Hunar,21,0
20587,Hung,21,0
20588,Huy,21,0
20589,Huynh,21,0
20590,Hwan,21,0
20591,Hwi,21,0
20592,Hyeon,21,0
20593,Hyoso,21,0
20594,Hyuk,21,0
20595,Hyun,21,0
20596,Hyunki,21,0
20597,Hyunshik,21,0
20598,Hyunsu,21,0
20599,Ijo,21,0
20600,Ikshan,21,0
20601,Ilsung,21,0
20602,Imran,21,0
20603,In,21,0
20604,Inho,21,0
20605,Insu,21,0
20606,Ip,21,0
20607,Ishrat,21,0
20608,Iyad,21,0
20609,Jabir,21,0
20610,Jae,21,0
20611,Jaehwa,21,0
20612,Jaesun,21,0
20613,Jagun,21,0
20614,Jahi,21,0
20615,Jalad,21,0
20616,Jalil,21,0
20617,Jalsa,21,0
20618,Jan,21,0
20619,Jang,21,0
20620,Jangsu,21,0
20621,Jaran,21,0
20622,Jasbir,21,0
20623,Jati,21,0
20624,Jegan,21,0
20625,Jeng,21,0
20626,Jeo,21,0
20627,Jia,21,0
20628,Jian,21,0
20629,Jiang,21,0
20630,Jianguo,21,0
20631,Jianjun,21,0
20632,Jianyu,21,0
20633,Jiao,21,0
20634,Jiawei,21,0
20635,Jie,21,0
20636,Jin,21,0
20637,Jing,21,0
20638,Jinsang,21,0
20639,Jinyong,21,0
20640,Jira,21,0
20641,Jiseok,21,0
20642,Jisnu,21,0
20643,Jival,21,0
20644,Joe,21,0
20645,Joko,21,0
20646,Jon,21,0
20647,Jong,21,0
20648,Jonguk,21,0
20649,Jongwook,21,0
20650,Joosik,21,0
20651,Jovan,21,0
20652,Jue,21,0
20653,Jugnu,21,0
20654,Jun,21,0
20655,Junbao,21,0
20656,Jung,21,0
20657,Junghee,21,0
20658,Junghwa,21,0
20659,Jungi,21,0
20660,Jungsu,21,0
20661,Juniu,21,0
20662,Junli,21,0
20663,Junsu,21,0
20664,Jusuf,21,0
20665,Jyrgal,21,0
20666,Kadar,21,0
20667,Kade,21,0
20668,Kadin,21,0
20669,Kai,21,0
20670,Kakui,21,0
20671,Kalden,21,0
20672,Kamal,21,0
20673,Kambo,21,0
20674,Kamol,21,0
20675,Kamon,21,0
20676,Kampu,21,0
20677,Kanak,21,0
20678,Kang,21,0
20679,Kangdae,21,0
20680,Kapil,21,0
20681,Kapsoo,21,0
20682,Karim,21,0
20683,Karm,21,0
20684,Karna,21,0
20685,Karwai,21,0
20686,Kasem,21,0
20687,Kashif,21,0
20688,Kasin,21,0
20689,Kateb,21,0
20690,Katon,21,0
20691,Kavan,21,0
20692,Ke,21,0
20693,Kedar,21,0
20694,Keong,21,0
20695,Kersan,21,0
20696,Ketan,21,0
20697,Keun,21,0
20698,Khaek,21,0
20699,Khail,21,0
20700,Khan,21,0
20701,Khidyr,21,0
20702,Khoi,21,0
20703,Khuang,21,0
20704,Khush,21,0
20705,Kibeom,21,0
20706,Kibum,21,0
20707,Kiel,21,0
20708,Kiet,21,0
20709,Kim,21,0
20710,Kimo,21,0
20711,Kip,21,0
20712,Kirana,21,0
20713,Kit,21,0
20714,Klahan,21,0
20715,Ko,21,0
20716,Koana,21,0
20717,Kol,21,0
20718,Koo,21,0
20719,Kouang,21,0
20720,Kripal,21,0
20721,Ku,21,0
20722,Kua,21,0
20723,Kuan,21,0
20724,Kuang,21,0
20725,Kuei,21,0
20726,Kun,21,0
20727,Kunal,21,0
20728,Kuo,21,0
20729,Kuon,21,0
20730,Kurman,21,0
20731,Kushad,21,0
20732,Kwai,21,0
20733,Kwan,21,0
20734,Kwang,21,0
20735,Kwangho,21,0
20736,Kwangsun,21,0
20737,Kwok,21,0
20738,Kwon,21,0
20739,Kwun,21,0
20740,Kyo,21,0
20741,Kyong,21,0
20742,Kysam,21,0
20743,Kyu,21,0
20744,Kyubok,21,0
20745,Kyubong,21,0
20746,Kyung,21,0
20747,Kyungsam,21,0
20748,Labh,21,0
20749,Lahar,21,0
20750,Lai,21,0
20751,Lalit,21,0
20752,Lam,21,0
20753,Lan,21,0
20754,Lang,21,0
20755,Lann,21,0
20756,Lao,21,0
20757,Lau,21,0
20758,Layak,21,0
20759,Lee,21,0
20760,Lei,21,0
20761,Lek,21,0
20762,Leko,21,0
20763,Lemah,21,0
20764,Len,21,0
20765,Leniw,21,0
20766,Leung,21,0
20767,Leven,21,0
20768,Lew,21,0
20769,Lian,21,0
20770,Liang,21,0
20771,Lianji,21,0
20772,Liao,21,0
20773,Lim,21,0
20774,Lin,21,0
20775,Ling,21,0
20776,Liu,21,0
20777,Liung,21,0
20778,Lo,21,0
20779,Loc,21,0
20780,Lok,21,0
20781,Long,21,0
20782,Longshan,21,0
20783,Longwei,21,0
20784,Longying,21,0
20785,Loon,21,0
20786,Lopan,21,0
20787,Lor,21,0
20788,Lou,21,0
20789,Loy,21,0
20790,Lu,21,0
20791,Luang,21,0
20792,Luen,21,0
20793,Lufti,21,0
20794,Lui,21,0
20795,Lun,21,0
20796,Lung,21,0
20797,Lutfi,21,0
20798,Luxia,21,0
20799,Ma,21,0
20800,Madan,21,0
20801,Madhu,21,0
20802,Magsa,21,0
20803,Mahir,21,0
20804,Mak,21,0
20805,Makaio,21,0
20806,Mangu,21,0
20807,Mani,21,0
20808,Mardav,21,0
20809,Marid,21,0
20810,Matin,21,0
20811,Maung,21,0
20812,Max,21,0
20813,Mayur,21,0
20814,Mehal,21,0
20815,Mei,21,0
20816,Meng,21,0
20817,Mengyao,21,0
20818,Mikaere,21,0
20819,Mikul,21,0
20820,Min,21,0
20821,Ming,21,0
20822,Mingma,21,0
20823,Minguo,21,0
20824,Minh,21,0
20825,Minho,21,0
20826,Minki,21,0
20827,Minkyung,21,0
20828,Mirko,21,0
20829,Modak,21,0
20830,Moh,21,0
20831,Mohd,21,0
20832,Moshu,21,0
20833,Moti,21,0
20834,Mudit,21,0
20835,Muin,21,0
20836,Mulyo,21,0
20837,Mun,21,0
20838,Munhee,21,0
20839,Mushi,21,0
20840,Muthu,21,0
20841,Myungdae,21,0
20842,Myungki,21,0
20843,Nabh,21,0
20844,Nadeen,21,0
20845,Nadim,21,0
20846,Nagoy,21,0
20847,Nalin,21,0
20848,Nam,21,0
20849,Namgil,21,0
20850,Namhae,21,0
20851,Namit,21,0
20852,Namkil,21,0
20853,Namkyu,21,0
20854,Nan,21,0
20855,Nand,21,0
20856,Narmad,21,0
20857,Naseem,21,0
20858,Nash,21,0
20859,Nasser,21,0
20860,Nath,21,0
20861,Navin,21,0
20862,Nawang,21,0
20863,Naz,21,0
20864,Neath,21,0
20865,Neeraj,21,0
20866,Nen,21,0
20867,Neo,21,0
20868,Ng,21,0
20869,Nhat,21,0
20870,Nhean,21,0
20871,Nhol,21,0
20872,Nianzu,21,0
20873,Nico,21,0
20874,Nien,21,0
20875,Nihar,21,0
20876,Nimal,21,0
20877,Nipun,21,0
20878,Nirajan,21,0
20879,Niran,21,0
20880,Nirav,21,0
20881,Nirmal,21,0
20882,Nishil,21,0
20883,Niu,21,0
20884,Nizam,21,0
20885,Nonzee,21,0
20886,Noyon,21,0
20887,Nuhad,21,0
20888,Nur,21,0
20889,Nuwan,21,0
20890,Ogo,21,0
20891,Oleg,21,0
20892,Olin,21,0
20893,Om,21,0
20894,Omar,21,0
20895,Ong,21,0
20896,Onjo,21,0
20897,Osagu,21,0
20898,Osol,21,0
20899,Padam,21,0
20900,Pak,21,0
20901,Pakho,21,0
20902,Pakku,21,0
20903,Pan,21,0
20904,Pang,21,0
20905,Panut,21,0
20906,Pao,21,0
20907,Paora,21,0
20908,Paosha,21,0
20909,Pavan,21,0
20910,Payao,21,0
20911,Peizhi,21,0
20912,Pemba,21,0
20913,Peng,21,0
20914,Pengfei,21,0
20915,Perak,21,0
20916,Phant,21,0
20917,Phirun,21,0
20918,Phong,21,0
20919,Phot,21,0
20920,Pika,21,0
20921,Ping,21,0
20922,Pira,21,0
20923,Pisut,21,0
20924,Plaek,21,0
20925,Poe,21,0
20926,Poj,21,0
20927,Polang,21,0
20928,Ponch,21,0
20929,Pong,21,0
20930,Pra,21,0
20931,Prabal,21,0
20932,Prachya,21,0
20933,Pradhi,21,0
20934,Prakash,21,0
20935,Pratim,21,0
20936,Prem,21,0
20937,Pridi,21,0
20938,Pritam,21,0
20939,Priya,21,0
20940,Puey,21,0
20941,Punit,21,0
20942,Puri,21,0
20943,Pyas,21,0
20944,Qiang,21,0
20945,Qilo,21,0
20946,Qing,21,0
20947,Qingsheng,21,0
20948,Qipan,21,0
20949,Qiqiang,21,0
20950,Qiu,21,0
20951,Qorin,21,0
20952,Quan,21,0
20953,Quang,21,0
20954,Qui,21,0
20955,Qulan,21,0
20956,Quoc,21,0
20957,Quon,21,0
20958,Rabie,21,0
20959,Raewon,21,0
20960,Rahi,21,0
20961,Raj,21,0
20962,Rakesh,21,0
20963,Rakin,21,0
20964,Ramesh,21,0
20965,Rami,21,0
20966,Rangi,21,0
20967,Rashad,21,0
20968,Ratri,21,0
20969,Ratta,21,0
20970,Ravith,21,0
20971,Rayan,21,0
20972,Rensai,21,0
20973,Ri,21,0
20974,Rian,21,0
20975,Riko,21,0
20976,Rimbo,21,0
20977,Rino,21,0
20978,Rinzen,21,0
20979,Rithik,21,0
20980,Riyad,21,0
20981,Rizky,21,0
20982,Rohit,21,0
20983,Rook,21,0
20984,Roza,21,0
20985,Ru,21,0
20986,Rupang,21,0
20987,Ruwan,21,0
20988,Ryong,21,0
20989,Saavan,21,0
20990,Sabal,21,0
20991,Sabeer,21,0
20992,Sadhu,21,0
20993,Sadun,21,0
20994,Saejin,21,0
20995,Sagar,21,0
20996,Sajan,21,0
20997,Sakchai,21,0
20998,Sal,21,0
20999,Salim,21,0
21000,Sammo,21,0
21001,Samnang,21,0
21002,Samrin,21,0
21003,San,21,0
21004,Sang,21,0
21005,Sangki,21,0
21006,Sangkyu,21,0
21007,Sangmin,21,0
21008,Sangwon,21,0
21009,Sann,21,0
21010,Sarit,21,0
21011,Satri,21,0
21012,Satya,21,0
21013,Sen,21,0
21014,Sena,21,0
21015,Seok,21,0
21016,Seong,21,0
21017,Shaku,21,0
21018,Shang,21,0
21019,Shanyuan,21,0
21020,Shao,21,0
21021,Shaoqing,21,0
21022,Shek,21,0
21023,Shen,21,0
21024,Shik,21,0
21025,Shin,21,0
21026,Shing,21,0
21027,Shinil,21,0
21028,Shirong,21,0
21029,Shishir,21,0
21030,Shiu,21,0
21031,Shiun,21,0
21032,Shoaqing,21,0
21033,Shoku,21,0
21034,Shou,21,0
21035,Shoushan,21,0
21036,Shu,21,0
21037,Sidak,21,0
21038,Sigit,21,0
21039,Sijit,21,0
21040,Silong,21,0
21041,Sinh,21,0
21042,Siu,21,0
21043,Siukei,21,0
21044,Siwon,21,0
21045,So,21,0
21046,Soad,21,0
21047,Sohil,21,0
21048,Sok,21,0
21049,Soleh,21,0
21050,Sombat,21,0
21051,Somchai,21,0
21052,Somlek,21,0
21053,Songyos,21,0
21054,Soo,21,0
21055,Sook,21,0
21056,Soong,21,0
21057,Sopheap,21,0
21058,Sorapong,21,0
21059,Sovann,21,0
21060,Sri,21,0
21061,Su,21,0
21062,Sudjai,21,0
21063,Suk,21,0
21064,Suka,21,0
21065,Sukchul,21,0
21066,Sukhon,21,0
21067,Sukrit,21,0
21068,Sum,21,0
21069,Sun,21,0
21070,Sunan,21,0
21071,Sundar,21,0
21072,Sunil,21,0
21073,Sura,21,0
21074,Suro,21,0
21075,Suthep,21,0
21076,Suvel,21,0
21077,Syed,21,0
21078,Sze,21,0
21079,Ta,21,0
21080,Tae,21,0
21081,Taek,21,0
21082,Taekyun,21,0
21083,Tahir,21,0
21084,Tai,21,0
21085,Taidjut,21,0
21086,Taiji,21,0
21087,Taishan,21,0
21088,Taj,21,0
21089,Tak,21,0
21090,Taksa,21,0
21091,Talal,21,0
21092,Talin,21,0
21093,Tam,21,0
21094,Tamir,21,0
21095,Tan,21,0
21096,Tanda,21,0
21097,Tane,21,0
21098,Tang,21,0
21099,Tanga,21,0
21100,Tanit,21,0
21101,Tanvir,21,0
21102,Tao,21,0
21103,Taran,21,0
21104,Tarek,21,0
21105,Tegus,21,0
21106,Teng,21,0
21107,Tengfei,21,0
21108,Teo,21,0
21109,Teuku,21,0
21110,Thai,21,0
21111,Thaksin,21,0
21112,Thanh,21,0
21113,Thawal,21,0
21114,Thelonius,21,0
21115,Tho,21,0
21116,Thuan,21,0
21117,Thuc,21,0
21118,Thurein,21,0
21119,Thy,21,0
21120,Tian,21,0
21121,Tielin,21,0
21122,Tilik,21,0
21123,Ting,21,0
21124,Tingguang,21,0
21125,Tirto,21,0
21126,To,21,0
21127,Toan,21,0
21128,Ton,21,0
21129,Tong,21,0
21130,Topan,21,0
21131,Trang,21,0
21132,Tsai,21,0
21133,Tsang,21,0
21134,Tse,21,0
21135,Tu,21,0
21136,Tuah,21,0
21137,Tuan,21,0
21138,Tuli,21,0
21139,Tuluy,21,0
21140,Tumen,21,0
21141,Tungar,21,0
21142,Tzin,21,0
21143,Udom,21,0
21144,Udu,21,0
21145,Ung,21,0
21146,Untung,21,0
21147,Usra,21,0
21148,Vaani,21,0
21149,Vade,21,0
21150,Vaiko,21,0
21151,Varun,21,0
21152,Vasu,21,0
21153,Veasna,21,0
21154,Vibol,21,0
21155,Vien,21,0
21156,Vijay,21,0
21157,Vin,21,0
21158,Vir,21,0
21159,Virat,21,0
21160,Vishal,21,0
21161,Vivek,21,0
21162,Vuong,21,0
21163,Wael,21,0
21164,Wafic,21,0
21165,Wahyu,21,0
21166,Wai,21,0
21167,Walid,21,0
21168,Waluyo,21,0
21169,Wan,21,0
21170,Wang,21,0
21171,Wasi,21,0
21172,Wei,21,0
21173,Wen,21,0
21174,Weng,21,0
21175,Widi,21,0
21176,Wiji,21,0
21177,Wing,21,0
21178,Wira,21,0
21179,Wiremu,21,0
21180,Woh,21,0
21181,Wong,21,0
21182,Woo,21,0
21183,Wu,21,0
21184,Wuxia,21,0
21185,Xann,21,0
21186,Xay,21,0
21187,Xiangzi,21,0
21188,Xiao,21,0
21189,Xiaodawn,21,0
21190,Xiaogang,21,0
21191,Xie,21,0
21192,Xin,21,0
21193,Xiuying,21,0
21194,Xu,21,0
21195,Xuguan,21,0
21196,Xylon,21,0
21197,Yadu,21,0
21198,Yai,21,0
21199,Yama,21,0
21200,Yamir,21,0
21201,Yan,21,0
21202,Yang,21,0
21203,Yaro,21,0
21204,Yash,21,0
21205,Yasin,21,0
21206,Yat,21,0
21207,Yau,21,0
21208,Ye,21,0
21209,Yem,21,0
21210,Yeming,21,0
21211,Yeo,21,0
21212,Yeok,21,0
21213,Yeoru,21,0
21214,Yeran,21,0
21215,Yihong,21,0
21216,Yim,21,0
21217,Yin,21,0
21218,Ying,21,0
21219,Yinho,21,0
21220,Yip,21,0
21221,Yisun,21,0
21222,Yiu,21,0
21223,Yolo,21,0
21224,Yong,21,0
21225,Yongrui,21,0
21226,Yongsook,21,0
21227,Yoon,21,0
21228,Youngho,21,0
21229,Youngil,21,0
21230,Youngja,21,0
21231,Youngmin,21,0
21232,Youngnam,21,0
21233,Youngsoo,21,0
21234,Youngsun,21,0
21235,Yu,21,0
21236,Yuan,21,0
21237,Yuanjun,21,0
21238,Yuda,21,0
21239,Yue,21,0
21240,Yul,21,0
21241,Yumja,21,0
21242,Yun,21,0
21243,Yung,21,0
21244,Yunho,21,0
21245,Yuvan,21,0
21246,Yuyan,21,0
21247,Zahid,21,0
21248,Zain,21,0
21249,Zaina,21,0
21250,Zaiyu,21,0
21251,Zaki,21,0
21252,Zao,21,0
21253,Zayn,21,0
21254,Zei,21,0
21255,Zemin,21,0
21256,Zengi,21,0
21257,Zhang,21,0
21258,Zhen,21,0
21259,Zhengsheng,21,0
21260,Zhi,21,0
21261,Zhiqiang,21,0
21262,Zhong,21,0
21263,Zhou,21,0
21264,Zhuan,21,0
21265,Ziad,21,0
21266,Ziva,21,0
21267,Zixin,21,0
21268,Ziya,21,0
21269,Ziyad,21,0
21270,Zong,21,0
21271,Zubin,21,0
21272,Zuo,21,0
21273,Aara,21,1
21274,Abha,21,1
21275,Abir,21,1
21276,Acha,21,1
21277,Adhe,21,1
21278,Aditya,21,1
21279,Adri,21,1
21280,Ae,21,1
21281,Aecha,21,1
21282,Aera,21,1
21283,Aesook,21,1
21284,Ahci,21,1
21285,Ahjoong,21,1
21286,Ahjung,21,1
21287,Ahlam,21,1
21288,Ahnsung,21,1
21289,Ahseong,21,1
21290,Ai,21,1
21291,Aila,21,1
21292,Ailing,21,1
21293,Aja,21,1
21294,Alak,21,1
21295,Alhi,21,1
21296,Alpa,21,1
21297,Amal,21,1
21298,Ami,21,1
21299,Amiya,21,1
21300,Ammara,21,1
21301,An,21,1
21302,Ana,21,1
21303,Anam,21,1
21304,Ananya,21,1
21305,Ang,21,1
21306,Anh,21,1
21307,Ani,21,1
21308,Anjay,21,1
21309,Anji,21,1
21310,Anju,21,1
21311,Annchi,21,1
21312,Anthea,21,1
21313,Aom,21,1
21314,Apika,21,1
21315,Ara,21,1
21316,Aranya,21,1
21317,Araya,21,1
21318,Arni,21,1
21319,Arum,21,1
21320,Asha,21,1
21321,Assi,21,1
21322,Atin,21,1
21323,Ayda,21,1
21324,Aye,21,1
21325,Ayska,21,1
21326,Aza,21,1
21327,Azhar,21,1
21328,Bae,21,1
21329,Baena,21,1
21330,Bahar,21,1
21331,Bai,21,1
21332,Bakul,21,1
21333,Bala,21,1
21334,Ban,21,1
21335,Banhi,21,1
21336,Bao,21,1
21337,Baoer,21,1
21338,Baraa,21,1
21339,Basma,21,1
21340,Bebi,21,1
21341,Bela,21,1
21342,Bella,21,1
21343,Bhanu,21,1
21344,Bhavi,21,1
21345,Bhini,21,1
21346,Bian,21,1
21347,Bibi,21,1
21348,Bijal,21,1
21349,Bin,21,1
21350,Bina,21,1
21351,Bing,21,1
21352,Binh,21,1
21353,Binita,21,1
21354,Bituin,21,1
21355,Boa,21,1
21356,Boan,21,1
21357,Bok,21,1
21358,Bom,21,1
21359,Bomi,21,1
21360,Bongcha,21,1
21361,Bopha,21,1
21362,Botum,21,1
21363,Brishti,21,1
21364,Briti,21,1
21365,Bulbul,21,1
21366,Bun,21,1
21367,Bushra,21,1
21368,Cahya,21,1
21369,Cai,21,1
21370,Cais,21,1
21371,Cala,21,1
21372,Cam,21,1
21373,Canh,21,1
21374,Cara,21,1
21375,Cha,21,1
21376,Chaemin,21,1
21377,Chaerin,21,1
21378,Chahna,21,1
21379,Chaman,21,1
21380,Chami,21,1
21381,Champa,21,1
21382,Chan,21,1
21383,Chanda,21,1
21384,Chani,21,1
21385,Channa,21,1
21386,Charu,21,1
21387,Charvi,21,1
21388,Chau,21,1
21389,Chen,21,1
21390,Chenda,21,1
21391,Cherry,21,1
21392,Chetna,21,1
21393,Chi,21,1
21394,Chia,21,1
21395,Ching,21,1
21396,Chingling,21,1
21397,Chitra,21,1
21398,Chiu,21,1
21399,Chiyo,21,1
21400,Cho,21,1
21401,Chohee,21,1
21402,Choi,21,1
21403,Chow,21,1
21404,Chuju,21,1
21405,Chun,21,1
21406,Chung,21,1
21407,Chungae,21,1
21408,Chungcha,21,1
21409,Chunghei,21,1
21410,Chunli,21,1
21411,Cilji,21,1
21412,Claretta,21,1
21413,Cuc,21,1
21414,Cyla,21,1
21415,Cyra,21,1
21416,Dahae,21,1
21417,Dalah,21,1
21418,Dalisay,21,1
21419,Dana,21,1
21420,Danbi,21,1
21421,Danna,21,1
21422,Dara,21,1
21423,Daria,21,1
21424,Darya,21,1
21425,Dawa,21,1
21426,Daya,21,1
21427,Deeba,21,1
21428,Deepti,21,1
21429,Devi,21,1
21430,Dhanya,21,1
21431,Dhara,21,1
21432,Dhriti,21,1
21433,Diah,21,1
21434,Diba,21,1
21435,Diem,21,1
21436,Diep,21,1
21437,Dina,21,1
21438,Diya,21,1
21439,Dohna,21,1
21440,Donya,21,1
21441,Dorit,21,1
21442,Edha,21,1
21443,Ehuang,21,1
21444,Ela,21,1
21445,Elika,21,1
21446,Elok,21,1
21447,Eman,21,1
21448,Emma,21,1
21449,Emme,21,1
21450,Erana,21,1
21451,Eri,21,1
21452,Erin,21,1
21453,Esha,21,1
21454,Eun,21,1
21455,Eunae,21,1
21456,Eunbin,21,1
21457,Eunhee,21,1
21458,Eunho,21,1
21459,Eunice,21,1
21460,Eunjin,21,1
21461,Eunju,21,1
21462,Eunjung,21,1
21463,Eunkyung,21,1
21464,Eunmi,21,1
21465,Eunnie,21,1
21466,Eunsun,21,1
21467,Ewa,21,1
21468,Fae,21,1
21469,Faiza,21,1
21470,Falak,21,1
21471,Fan,21,1
21472,Fanghua,21,1
21473,Fangyu,21,1
21474,Fanny,21,1
21475,Farai,21,1
21476,Farda,21,1
21477,Farina,21,1
21478,Farrah,21,1
21479,Farya,21,1
21480,Fatin,21,1
21481,Fay,21,1
21482,Faye,21,1
21483,Fei,21,1
21484,Feng,21,1
21485,Fengling,21,1
21486,Fengniao,21,1
21487,Fey,21,1
21488,Filza,21,1
21489,Flo,21,1
21490,Flora,21,1
21491,Fong,21,1
21492,Foram,21,1
21493,Fran,21,1
21494,Freny,21,1
21495,Friya,21,1
21496,Fung,21,1
21497,Fwi,21,1
21498,Gaein,21,1
21499,Gajra,21,1
21500,Gayun,21,1
21501,Geet,21,1
21502,Gen,21,1
21503,Gesu,21,1
21504,Geumbong,21,1
21505,Ghada,21,1
21506,Gia,21,1
21507,Gina,21,1
21508,Gita,21,1
21509,Gladi,21,1
21510,Go,21,1
21511,Gohar,21,1
21512,Goli,21,1
21513,Golnar,21,1
21514,Gong,21,1
21515,Gu,21,1
21516,Guan,21,1
21517,Gul,21,1
21518,Gulab,21,1
21519,Gunjan,21,1
21520,Hadya,21,1
21521,Haifa,21,1
21522,Hala,21,1
21523,Halah,21,1
21524,Hamsa,21,1
21525,Han,21,1
21526,Hana,21,1
21527,Hanan,21,1
21528,Hanbyeol,21,1
21529,Hanbyo,21,1
21530,Hanbyul,21,1
21531,Haneul,21,1
21532,Hanh,21,1
21533,Hansa,21,1
21534,Hao,21,1
21535,Harsha,21,1
21536,Hasna,21,1
21537,Hau,21,1
21538,Haun,21,1
21539,Hayat,21,1
21540,Hayi,21,1
21541,Hea,21,1
21542,Heajung,21,1
21543,Heawoo,21,1
21544,Heebon,21,1
21545,Heera,21,1
21546,Heeyoung,21,1
21547,Hei,21,1
21548,Hema,21,1
21549,Heng,21,1
21550,Hessa,21,1
21551,Hetal,21,1
21552,Hiba,21,1
21553,Hima,21,1
21554,Hinni,21,1
21555,Hiral,21,1
21556,Hita,21,1
21557,Hiuyi,21,1
21558,Ho,21,1
21559,Hoa,21,1
21560,Hong,21,1
21561,Hongli,21,1
21562,Hosook,21,1
21563,Houri,21,1
21564,Hoyee,21,1
21565,Hsia,21,1
21566,Hsiong,21,1
21567,Hsu,21,1
21568,Htay,21,1
21569,Hu,21,1
21570,Hua,21,1
21571,Huamei,21,1
21572,Huan,21,1
21573,Huang,21,1
21574,Huda,21,1
21575,Hue,21,1
21576,Hui,21,1
21577,Huian,21,1
21578,Huiqing,21,1
21579,Huma,21,1
21580,Hungjae,21,1
21581,Hunir,21,1
21582,Huong,21,1
21583,Huyen,21,1
21584,Hwa,21,1
21585,Hye,21,1
21586,Hyesu,21,1
21587,Hyo,21,1
21588,Hyojoo,21,1
21589,Hyujin,21,1
21590,Hyun,21,1
21591,Hyungae,21,1
21592,Hyungjung,21,1
21593,Ia,21,1
21594,Iha,21,1
21595,Inah,21,1
21596,Inas,21,1
21597,Indri,21,1
21598,Indu,21,1
21599,Ing,21,1
21600,Inten,21,1
21601,Inu,21,1
21602,Ipsa,21,1
21603,Iris,21,1
21604,Isha,21,1
21605,Ishya,21,1
21606,Isis,21,1
21607,Iyla,21,1
21608,Jaba,21,1
21609,Jade,21,1
21610,Jae,21,1
21611,Jaehwa,21,1
21612,Jai,21,1
21613,Jaidee,21,1
21614,Jajang,21,1
21615,Jala,21,1
21616,Janam,21,1
21617,Jannat,21,1
21618,Jarul,21,1
21619,Jasmine,21,1
21620,Jasum,21,1
21621,Jaya,21,1
21622,Jaydra,21,1
21623,Jeannie,21,1
21624,Jen,21,1
21625,Jenni,21,1
21626,Jeshna,21,1
21627,Jhalak,21,1
21628,Jharna,21,1
21629,Jheel,21,1
21630,Ji,21,1
21631,Jia,21,1
21632,Jiah,21,1
21633,Jiao,21,1
21634,Jiayi,21,1
21635,Jie,21,1
21636,Jieying,21,1
21637,Jihan,21,1
21638,Jihye,21,1
21639,Jilpa,21,1
21640,Jim,21,1
21641,Jimin,21,1
21642,Jin,21,1
21643,Jinae,21,1
21644,Jinfa,21,1
21645,Jing,21,1
21646,Jingwei,21,1
21647,Jinju,21,1
21648,Jinkyong,21,1
21649,Jinnie,21,1
21650,Jintara,21,1
21651,Jisoo,21,1
21652,Jiu,21,1
21653,Jiwon,21,1
21654,Jiya,21,1
21655,Jiyoung,21,1
21656,Joni,21,1
21657,Jony,21,1
21658,Joo,21,1
21659,Jorani,21,1
21660,Joy,21,1
21661,Joyce,21,1
21662,Ju,21,1
21663,Jui,21,1
21664,Juin,21,1
21665,Jun,21,1
21666,June,21,1
21667,Jung,21,1
21668,Junjie,21,1
21669,Juno,21,1
21670,Juxian,21,1
21671,Jwala,21,1
21672,Jyoti,21,1
21673,Kae,21,1
21674,Kai,21,1
21675,Kailan,21,1
21676,Kaimana,21,1
21677,Kala,21,1
21678,Kalina,21,1
21679,Kam,21,1
21680,Kamya,21,1
21681,Kana,21,1
21682,Kanan,21,1
21683,Kani,21,1
21684,Karin,21,1
21685,Karkita,21,1
21686,Kashi,21,1
21687,Kavya,21,1
21688,Kay,21,1
21689,Kayan,21,1
21690,Kei,21,1
21691,Kesarin,21,1
21692,Ket,21,1
21693,Ketki,21,1
21694,Kew,21,1
21695,Keya,21,1
21696,Khae,21,1
21697,Khanh,21,1
21698,Khean,21,1
21699,Khin,21,1
21700,Kieu,21,1
21701,Kiew,21,1
21702,Kim,21,1
21703,Kima,21,1
21704,Kimi,21,1
21705,Kinjal,21,1
21706,Kiran,21,1
21707,Kirti,21,1
21708,Kit,21,1
21709,Ko,21,1
21710,Kolab,21,1
21711,Komal,21,1
21712,Koni,21,1
21713,Kopal,21,1
21714,Kosha,21,1
21715,Kripa,21,1
21716,Kuai,21,1
21717,Kuhu,21,1
21718,Kulap,21,1
21719,Kunda,21,1
21720,Kunthi,21,1
21721,Kuo,21,1
21722,Kusum,21,1
21723,Kwan,21,1
21724,Kwiling,21,1
21725,Kwunyu,21,1
21726,Kyana,21,1
21727,Kyaw,21,1
21728,Kyi,21,1
21729,Kyon,21,1
21730,Kyung,21,1
21731,Kyungmi,21,1
21732,Kyungsoon,21,1
21733,Lada,21,1
21734,Lae,21,1
21735,Lai,21,1
21736,Laila,21,1
21737,Laleh,21,1
21738,Lali,21,1
21739,Lam,21,1
21740,Lan,21,1
21741,Lang,21,1
21742,Lanh,21,1
21743,Lanhua,21,1
21744,Lastri,21,1
21745,Lawan,21,1
21746,Laya,21,1
21747,Lea,21,1
21748,Lee,21,1
21749,Leena,21,1
21750,Legi,21,1
21751,Lei,21,1
21752,Leilani,21,1
21753,Lela,21,1
21754,Lena,21,1
21755,Leyla,21,1
21756,Lhamu,21,1
21757,Li,21,1
21758,Lian,21,1
21759,Lien,21,1
21760,Lieu,21,1
21761,Lifeng,21,1
21762,Lihua,21,1
21763,Liling,21,1
21764,Lily,21,1
21765,Lin,21,1
21766,Lina,21,1
21767,Lindi,21,1
21768,Ling,21,1
21769,Lingli,21,1
21770,Linh,21,1
21771,Lini,21,1
21772,Linlin,21,1
21773,Lintang,21,1
21774,Linyao,21,1
21775,Liqiu,21,1
21776,Liu,21,1
21777,Liwei,21,1
21778,Liying,21,1
21779,Lolan,21,1
21780,Lon,21,1
21781,Lona,21,1
21782,Lopa,21,1
21783,Lu,21,1
21784,Luh,21,1
21785,Lula,21,1
21786,Luxi,21,1
21787,Lyna,21,1
21788,Madhu,21,1
21789,Maggie,21,1
21790,Maha,21,1
21791,Mahal,21,1
21792,Mahin,21,1
21793,Mahsa,21,1
21794,Mai,21,1
21795,Malaya,21,1
21796,Malee,21,1
21797,Mali,21,1
21798,Malia,21,1
21799,Malli,21,1
21800,Maly,21,1
21801,Mamta,21,1
21802,Mana,21,1
21803,Manal,21,1
21804,Manar,21,1
21805,Manju,21,1
21806,Mari,21,1
21807,Marjan,21,1
21808,Mathy,21,1
21809,Mawar,21,1
21810,May,21,1
21811,Maya,21,1
21812,Maysa,21,1
21813,Meay,21,1
21814,Mee,21,1
21815,Meeka,21,1
21816,Meen,21,1
21817,Mei,21,1
21818,Meifen,21,1
21819,Meigui,21,1
21820,Meiling,21,1
21821,Meiun,21,1
21822,Meixiang,21,1
21823,Meixing,21,1
21824,Melek,21,1
21825,Meng,21,1
21826,Mi,21,1
21827,Mia,21,1
21828,Miahua,21,1
21829,Mian,21,1
21830,Miao,21,1
21831,Mich,21,1
21832,Micha,21,1
21833,Mihi,21,1
21834,Mijung,21,1
21835,Mikyoung,21,1
21836,Mimi,21,1
21837,Min,21,1
21838,Mina,21,1
21839,Mingxia,21,1
21840,Mingzhu,21,1
21841,Minhee,21,1
21842,Minjee,21,1
21843,Minjung,21,1
21844,Minyi,21,1
21845,Mishi,21,1
21846,Misun,21,1
21847,Mita,21,1
21848,Miu,21,1
21849,Miyoung,21,1
21850,Miyu,21,1
21851,Mona,21,1
21852,Mong,21,1
21853,Moui,21,1
21854,Mu,21,1
21855,Mudan,21,1
21856,Mui,21,1
21857,Mujin,21,1
21858,Mulan,21,1
21859,Muna,21,1
21860,Murni,21,1
21861,Musu,21,1
21862,Mya,21,1
21863,Myaing,21,1
21864,Myn,21,1
21865,Myung,21,1
21866,Mzia,21,1
21867,Nada,21,1
21868,Nahal,21,1
21869,Nahla,21,1
21870,Naing,21,1
21871,Nakti,21,1
21872,Nam,21,1
21873,Nanda,21,1
21874,Nara,21,1
21875,Narie,21,1
21876,Narun,21,1
21877,Nava,21,1
21878,Nawar,21,1
21879,Neela,21,1
21880,Neela,21,1
21881,Neha,21,1
21882,Nei,21,1
21883,Nenet,21,1
21884,Nezhat,21,1
21885,Nga,21,1
21886,Ngoc,21,1
21887,Nguyet,21,1
21888,Nhu,21,1
21889,Nhung,21,1
21890,Ni,21,1
21891,Nianci,21,1
21892,Niao,21,1
21893,Nica,21,1
21894,Nidhi,21,1
21895,Nieda,21,1
21896,Niki,21,1
21897,Nila,21,1
21898,Nima,21,1
21899,Ning,21,1
21900,Ningna,21,1
21901,Nisa,21,1
21902,Nisha,21,1
21903,Niti,21,1
21904,Niu,21,1
21905,Nizra,21,1
21906,Nong,21,1
21907,Nonie,21,1
21908,Noom,21,1
21909,Nour,21,1
21910,Nousha,21,1
21911,Nowa,21,1
21912,Nud,21,1
21913,Nudar,21,1
21914,Nuo,21,1
21915,Nura,21,1
21916,Nyein,21,1
21917,Nyoman,21,1
21918,Oma,21,1
21919,Pa,21,1
21920,Pachrapa,21,1
21921,Padma,21,1
21922,Pai,21,1
21923,Pakhi,21,1
21924,Paneda,21,1
21925,Panna,21,1
21926,Parand,21,1
21927,Pari,21,1
21928,Parin,21,1
21929,Parul,21,1
21930,Payal,21,1
21931,Pearl,21,1
21932,Pedi,21,1
21933,Pegah,21,1
21934,Pen,21,1
21935,Penabi,21,1
21936,Peni,21,1
21937,Penjin,21,1
21938,Phara,21,1
21939,Phuong,21,1
21940,Phyu,21,1
21941,Pich,21,1
21942,Pimpaka,21,1
21943,Pin,21,1
21944,Ping,21,1
21945,Pip,21,1
21946,Pitch,21,1
21947,Pouran,21,1
21948,Pouri,21,1
21949,Pouy,21,1
21950,Prabha,21,1
21951,Prateep,21,1
21952,Preeti,21,1
21953,Prema,21,1
21954,Priya,21,1
21955,Pu,21,1
21956,Punya,21,1
21957,Putri,21,1
21958,Putu,21,1
21959,Qi,21,1
21960,Qiao,21,1
21961,Qiau,21,1
21962,Qie,21,1
21963,Qing,21,1
21964,Qingyuan,21,1
21965,Qiu,21,1
21966,Quyen,21,1
21967,Quynh,21,1
21968,Rabi,21,1
21969,Rafa,21,1
21970,Raha,21,1
21971,Rahi,21,1
21972,Raja,21,1
21973,Ramya,21,1
21974,Rana,21,1
21975,Rasah,21,1
21976,Rasha,21,1
21977,Rata,21,1
21978,Ravan,21,1
21979,Reena,21,1
21980,Reeti,21,1
21981,Reina,21,1
21982,Ren,21,1
21983,Rena,21,1
21984,Rima,21,1
21985,Roda,21,1
21986,Rola,21,1
21987,Rong,21,1
21988,Roshan,21,1
21989,Rou,21,1
21990,Rowa,21,1
21991,Roya,21,1
21992,Ruchi,21,1
21993,Ruiying,21,1
21994,Ruqi,21,1
21995,Ruxia,21,1
21996,Ruyi,21,1
21997,Ryeo,21,1
21998,Ryung,21,1
21999,Saaman,21,1
22000,Sabah,21,1
22001,Sachi,21,1
22002,Safa,21,1
22003,Sahar,21,1
22004,Salma,21,1
22005,Salwa,21,1
22006,Sam,21,1
22007,Sameh,21,1
22008,Sami,21,1
22009,Sammi,21,1
22010,Sammy,21,1
22011,San,21,1
22012,Sana,21,1
22013,Sandi,21,1
22014,Sang,21,1
22015,Sanghee,21,1
22016,Sarang,21,1
22017,Sarom,21,1
22018,Sau,21,1
22019,Saule,21,1
22020,Sayeh,21,1
22021,Semmi,21,1
22022,Sen,21,1
22023,Seng,21,1
22024,Septi,21,1
22025,Sera,21,1
22026,Seung,21,1
22027,Shagu,21,1
22028,Shahi,21,1
22029,Shancha,21,1
22030,Shanti,21,1
22031,Shein,21,1
22032,Shen,21,1
22033,Shenmei,21,1
22034,Shey,21,1
22035,Sheyda,21,1
22036,Shi,21,1
22037,Shieryue,21,1
22038,Shing,21,1
22039,Shinhye,21,1
22040,Shira,21,1
22041,Shirin,21,1
22042,Shiya,21,1
22043,Shoba,21,1
22044,Sholeh,21,1
22045,Shouka,21,1
22046,Shuhao,21,1
22047,Shun,21,1
22048,Shuyi,21,1
22049,Si,21,1
22050,Sida,21,1
22051,Simin,21,1
22052,Sina,21,1
22053,Sing,21,1
22054,Sinhye,21,1
22055,Sinjei,21,1
22056,Sipui,21,1
22057,Sira,21,1
22058,Siwon,21,1
22059,Siyue,21,1
22060,Soha,21,1
22061,Sohee,21,1
22062,Sokhem,21,1
22063,Solmi,21,1
22064,Somchai,21,1
22065,Somsri,21,1
22066,Sona,21,1
22067,Sonam,21,1
22068,Sonja,21,1
22069,Soo,21,1
22070,Soojin,21,1
22071,Sook,21,1
22072,Soon,21,1
22073,Soonbok,21,1
22074,Soong,21,1
22075,Soonmin,21,1
22076,Sooyun,21,1
22077,Soyi,21,1
22078,Soyoung,21,1
22079,Sreya,21,1
22080,Srun,21,1
22081,Su,21,1
22082,Suchi,21,1
22083,Suchin,21,1
22084,Sudha,21,1
22085,Sui,21,1
22086,Suin,21,1
22087,Sujatmi,21,1
22088,Suji,21,1
22089,Sukhi,21,1
22090,Sulin,21,1
22091,Suma,21,1
22092,Sun,21,1
22093,Suna,21,1
22094,Sung,21,1
22095,Sunhee,21,1
22096,Sunni,21,1
22097,Suu,21,1
22098,Swan,21,1
22099,Tae,21,1
22100,Taemi,21,1
22101,Tahae,21,1
22102,Tai,21,1
22103,Tala,21,1
22104,Tanya,21,1
22105,Tao,21,1
22106,Taoshi,21,1
22107,Tara,21,1
22108,Tarsa,21,1
22109,Taruh,21,1
22110,Taya,21,1
22111,Tejal,21,1
22112,Teng,21,1
22113,Teva,21,1
22114,Tevy,21,1
22115,Thang,21,1
22116,Thao,21,1
22117,Thaung,21,1
22118,Thea,21,1
22119,Theara,21,1
22120,Thi,21,1
22121,Thiang,21,1
22122,Thida,21,1
22123,Thien,21,1
22124,Thina,21,1
22125,Thip,21,1
22126,Thiri,21,1
22127,Thom,21,1
22128,Thu,21,1
22129,Thuong,21,1
22130,Thura,21,1
22131,Thuy,21,1
22132,Ti,21,1
22133,Tian,21,1
22134,Tien,21,1
22135,Tina,21,1
22136,Ting,21,1
22137,Tishu,21,1
22138,Tiya,21,1
22139,Tiyut,21,1
22140,Tola,21,1
22141,Tonh,21,1
22142,Trinh,21,1
22143,Truc,21,1
22144,Tsing,21,1
22145,Tu,21,1
22146,Tui,21,1
22147,Tuk,21,1
22148,Tum,21,1
22149,Tun,21,1
22150,Tuyen,21,1
22151,Tuyet,21,1
22152,Ty,21,1
22153,Tyrah,21,1
22154,Uli,21,1
22155,Um,21,1
22156,Ung,21,1
22157,Unhye,21,1
22158,Unju,21,1
22159,Urvi,21,1
22160,Uyen,21,1
22161,Van,21,1
22162,Vanhi,21,1
22163,Vardi,21,1
22164,Vardo,21,1
22165,Varsha,21,1
22166,Veata,21,1
22167,Vedha,21,1
22168,Vena,21,1
22169,Venya,21,1
22170,Vidu,21,1
22171,Vina,21,1
22172,Vino,21,1
22173,Vira,21,1
22174,Viyada,21,1
22175,Wayan,21,1
22176,Wei,21,1
22177,Wen,21,1
22178,Wendi,21,1
22179,Wi,21,1
22180,Win,21,1
22181,Wing,21,1
22182,Wisam,21,1
22183,Woo,21,1
22184,Wu,21,1
22185,Xi,21,1
22186,Xia,21,1
22187,Xiao,21,1
22188,Xiaochi,21,1
22189,Xiaoling,21,1
22190,Xinqian,21,1
22191,Xiruo,21,1
22192,Xiu,21,1
22193,Xiulan,21,1
22194,Xiwang,21,1
22195,Xuan,21,1
22196,Xue,21,1
22197,Xui,21,1
22198,Xunyu,21,1
22199,Yalia,21,1
22200,Yamya,21,1
22201,Yan,21,1
22202,Yanzi,21,1
22203,Yao,21,1
22204,Yara,21,1
22205,Yasmin,21,1
22206,Yaso,21,1
22207,Yati,21,1
22208,Ye,21,1
22209,Yejin,21,1
22210,Yen,21,1
22211,Yeo,21,1
22212,Yeochi,21,1
22213,Yeon,21,1
22214,Yeonsoo,21,1
22215,Yeying,21,1
22216,Yi,21,1
22217,Yim,21,1
22218,Yin,21,1
22219,Ying,21,1
22220,Yinggu,21,1
22221,Yingluck,21,1
22222,Yingwu,21,1
22223,Yingxian,21,1
22224,Yinu,21,1
22225,Yiu,21,1
22226,Yiyan,21,1
22227,Yiyi,21,1
22228,Yong,21,1
22229,Yonsu,21,1
22230,Yoon,21,1
22231,Yoona,21,1
22232,Yoonah,21,1
22233,Yoori,21,1
22234,Yossun,21,1
22235,Young,21,1
22236,Youngok,21,1
22237,Yow,21,1
22238,Yowon,21,1
22239,Yu,21,1
22240,Yuan,21,1
22241,Yue,21,1
22242,Yueliang,21,1
22243,Yuen,21,1
22244,Yuhee,21,1
22245,Yuhjin,21,1
22246,Yun,21,1
22247,Yuna,21,1
22248,Yunchu,21,1
22249,Yunghee,21,1
22250,Yunhee,21,1
22251,Zada,21,1
22252,Zahra,21,1
22253,Zaina,21,1
22254,Zan,21,1
22255,Zaw,21,1
22256,Zaynah,21,1
22257,Zeya,21,1
22258,Zeyar,21,1
22259,Zhen,21,1
22260,Zhenyu,21,1
22261,Zhi,21,1
22262,Zhiya,21,1
22263,Zhuo,21,1
22264,Zi,21,1
22265,Zia,21,1
22266,Ziyi,21,1
22267,Ziyo,21,1
22268,Zoe,21,1
22269,Zoha,21,1
22270,Zohra,21,1
22271,Zoya,21,1
22272,Zuha,21,1
